,AAA,APU0000708111,BAA,BAA10YM,BOGMBASE,CCLACBM027NBOG,CPALTT01USM657N,CPI,CPILFENS,CSUSHPINSA,CURRCIR,CUUR0000SETA02,DPSACBM027NBOG,ENRGY0EZ19M086NEST,EUEPUINDXM,EXUSEU,FEDFUNDS,FII10,GS1,GS10,GS2,GS20,GS30,GS3M,GS5,HOUSTNSA,IPB50001N,IR3TIB01EZM156N,IRLTLT01EZM156N,LNU01300000,LRHUTTTTEZM156N,M1NS,M2NS,MABMM301EZM189N,MANMM101EZM189N,MCOILBRENTEU,MCOILWTICO,MICH,MPRIME,MTSDS133FMS,MYAGM2EZM196N,PAYNSA,PCU325211325211,,PPIACO,RBXMBIS,REAINTRATREARAT10Y,RECPROUSM156N,T10Y2YM,T10Y3MM,T10YFFM,T10YIEM,T5YIEM,T5YIFRM,TB3MS,TOTALNSA,UNRATENSA
2001-01-01,7.15,1.011,7.93,2.77,598700,236.6939,0.632183908,175.1,183.5,109.214,585.106,160.4,3771.675,62.54,82.90607,0.9376,5.98,,4.81,5.16,4.76,5.65,5.54,5.29,4.86,106.4,90.9,4.7707,5.0082,66.8,8.6,1100.4,4979,5.02E+12,2.09E+12,25.62,29.59,3,9.05,76379,4.35E+12,130667,165.6,,140,95.04,2.25143294,19.66,0.4,-0.13,-0.82,,,,5.15,1196.3,4.7
2001-02-01,7.1,0.943,7.87,2.77,595900,230.975,0.399771559,175.8,184.4,109.642,582.524,160.4,3771.4935,63.38,102.49367,0.9205,5.49,,4.68,5.1,4.66,5.62,5.45,5.01,4.89,108.2,90.9883,4.7558,5.0211,66.8,8.7,1089.8,5008,5.05E+12,2.10E+12,27.5,29.61,2.8,8.5,-48168,4.36E+12,131334,167.1,,137.4,94.32,2.26701398,27.02,0.44,0.09,-0.39,,,,4.88,1381.5,4.6
2001-03-01,6.98,0.886,7.84,2.95,599100,226.3137,0.227531286,176.2,185.3,110.394,585.082,159.9,3805.7498,63.29,108.43224,0.9083,5.31,,4.3,4.89,4.34,5.49,5.34,4.54,4.64,133.2,91.9122,4.7086,4.9381,67,8.6,1111.2,5098.3,5.08E+12,2.11E+12,24.5,27.25,2.8,8.32,-50662,4.39E+12,131929,169.3,,135.9,94.72,2.26729473,34.42,0.55,0.35,-0.42,,,,4.42,1627.8,4.5
2001-04-01,7.2,1.028,8.07,2.93,601700,229.2571,0.397275823,176.9,185.6,111.247,587.928,159.7,3871.5234,63.93,97.05659,0.8925,4.8,,3.98,5.14,4.23,5.78,5.65,3.97,4.76,151.3,88.8615,4.682,5.1014,66.7,8.3,1126.7,5174.1,5.11E+12,2.12E+12,25.66,27.49,3.1,7.8,189796,4.42E+12,132335,169.6,,136.4,94.17,2.22098391,40.92,0.91,1.17,0.34,,,,3.87,1377,4.2
2001-05-01,7.29,0.881,8.07,2.68,605900,232.8067,0.4522329,177.7,185.5,112.202,590.873,159.1,3856.4881,65.18,75.26698,0.8753,4.21,,3.78,5.39,4.26,5.92,5.78,3.7,4.93,154,89.6062,4.6367,5.2625,66.6,8.1,1114.7,5111.2,5.14E+12,2.14E+12,28.31,28.63,3.2,7.24,-27919,4.45E+12,133042,167.6,,136.8,92.32,2.43341797,40.58,1.13,1.69,1.18,,,,3.62,1635.2,4.1
2001-06-01,7.18,0.92,7.97,2.69,609100,231.336,0.16882386,178,185.9,113.272,594.37,158.9,3874.8799,65.01,80.02922,0.853,3.97,,3.58,5.28,4.08,5.82,5.67,3.57,4.81,155.2,91.7371,4.4536,5.2083,67.2,8.1,1126.3,5160.6,5.19E+12,2.16E+12,27.85,27.6,3,6.98,31862,4.49E+12,133421,165.3,,135.5,90.94,2.52645602,41.04,1.2,1.71,1.31,,,,3.49,1652.2,4.7
2001-07-01,7.13,0.862,7.97,2.73,616000,229.8627,-0.280898876,177.5,186.2,114.226,600.387,158.3,3884.2855,63.81,98.43316,0.8615,3.77,,3.62,5.24,4.04,5.75,5.61,3.59,4.76,154.6,87.4437,4.4671,5.25,67.4,8.1,1139.7,5189.2,5.21E+12,2.16E+12,24.61,26.43,2.6,6.75,2820,4.48E+12,131931,160.4,,133.4,92.02,2.52836744,40.1,1.2,1.65,1.47,,,,3.51,1374.6,4.7
2001-08-01,7.02,0.929,7.85,2.88,622400,232.2023,0,177.5,186.6,114.987,606.133,158,3883.7678,63.23,73.70343,0.9014,3.65,,3.47,4.97,3.76,5.58,5.48,3.44,4.57,141.5,90.89,4.3535,5.0582,66.8,8,1144.5,5225,5.25E+12,2.17E+12,25.68,27.37,2.7,6.67,-79990,4.46E+12,131860,155.6,,133.4,94.74,2.33436142,38.22,1.21,1.53,1.32,,,,3.36,1478.2,4.9
2001-09-01,7.17,0.916,8.03,3.3,647200,232.196,0.450704225,178.3,187.1,115.464,613.558,157.3,4021.2043,63.72,215.05122,0.9114,3.07,,2.82,4.73,3.12,5.53,5.48,2.69,4.12,133.1,90.105,3.9829,5.0374,66.6,8,1193.6,5336.6,5.30E+12,2.19E+12,25.62,26.2,2.8,6.28,35501,4.51E+12,132128,150.6,,133.3,95.41,2.17776797,37.9,1.61,2.04,1.66,,,,2.64,1312.5,4.7
2001-10-01,7.03,0.916,7.91,3.34,635200,232.7308,-0.336511497,177.7,187.6,115.68,615.01,157.8,3975.1091,62.38,204.65605,0.905,2.49,,2.33,4.57,2.73,5.34,5.32,2.2,3.91,139.8,89.082,3.5999,4.8169,66.7,8.3,1159.2,5321.7,5.33E+12,2.20E+12,20.54,22.17,1,5.53,-7656,4.51E+12,132329,151.5,,130.3,95.41,1.98693245,29.44,1.84,2.37,2.08,,,,2.16,1753.2,5
2001-11-01,6.97,0.935,7.81,3.16,639500,240.0901,-0.16882386,177.4,188.1,115.838,621.87,157.4,4043.3595,61.47,165.2718,0.8883,2.09,,2.18,4.65,2.78,5.33,5.12,1.91,3.97,121,87.5353,3.3857,4.6667,66.6,8.4,1169,5384.7,5.37E+12,2.22E+12,18.8,19.64,0.4,5.1,-54267,4.57E+12,132142,149.9,,129.8,93.69,1.81476553,23.62,1.87,2.74,2.56,,,,1.87,1347.9,5.3
2001-12-01,6.77,0.925,8.05,2.96,650800,248.5257,-0.394588501,176.7,187.8,116.056,630.276,157.2,4116.7607,60.81,111.50606,0.8912,1.82,,2.22,5.09,3.11,5.76,5.48,1.72,4.39,104.6,87.0587,3.3449,4.9588,66.6,8.5,1208.5,5465,5.40E+12,2.22E+12,18.71,19.39,1.8,4.84,26567,4.68E+12,131758,146.3,,128.1,94.54,2.0405763,10.46,1.98,3.37,3.27,,,,1.69,1336.1,5.4
2002-01-01,6.55,0.973,7.87,2.83,653800,247.3515,0.226372383,177.1,188.2,116.437,635.429,155.6,4103.067,61.43,105.63607,0.8832,1.73,,2.16,5.04,3.03,5.69,5.45,1.68,4.34,110.4,87.5119,3.3388,5.0229,66.2,8.7,1191.8,5451,5.42E+12,2.25E+12,19.42,19.72,1.9,4.75,43729,4.66E+12,128876,142.7,,128.5,93.77,2.52349996,3.72,2.01,3.36,3.31,,,,1.65,1129.999,6.3
2002-02-01,6.51,0.996,7.89,2.98,654600,242.0462,0.395256917,177.8,189.2,116.916,635.884,153.9,4117.9424,61.6,101.53128,0.8707,1.74,,2.23,4.91,3.02,5.61,5.45,1.76,4.3,120.4,88.1332,3.3571,5.0661,66.6,8.9,1178.3,5470.4,5.43E+12,2.25E+12,20.28,20.72,2.1,4.75,-76056,4.64E+12,129347,141.2,,128.4,92.85,2.40007343,1.94,1.89,3.15,3.17,,,,1.72,1328.755,6.1
2002-03-01,6.81,1.003,8.11,2.83,659000,238.396,0.562429696,178.8,189.8,117.929,639.698,152.1,4142.1243,62.35,85.98884,0.8766,1.73,,2.57,5.28,3.56,5.93,5.81,1.83,4.74,138.2,89.5612,3.3908,5.3165,66.6,8.8,1196.8,5519.2,5.45E+12,2.24E+12,23.7,24.53,2.7,4.75,-64238,4.67E+12,129955,141.7,,129.8,93.34,2.42129018,0.52,1.72,3.45,3.55,,,,1.79,1541.215,6.1
2002-04-01,6.76,1.047,8.03,2.82,663400,242.7513,0.559284116,179.8,190.3,119.208,643.58,151.8,4175.2349,63.66,108.53879,0.886,1.75,,2.48,5.21,3.42,5.85,5.79,1.75,4.65,148.8,88.7311,3.4069,5.2972,66.4,8.6,1196.9,5533.4,5.48E+12,2.27E+12,25.73,26.18,2.8,4.75,67170,4.71E+12,130543,143,,130.8,93.59,2.70112632,0.22,1.79,3.46,3.46,,,,1.71,1471.801,5.7
2002-05-01,6.75,0.997,8.09,2.93,668600,242.0555,0,179.8,190.2,120.787,648.293,151.8,4158.4863,63.38,99.75442,0.917,1.75,,2.35,5.16,3.26,5.81,5.76,1.76,4.49,165.5,89.1922,3.4671,5.3031,66.5,8.4,1186,5499.8,5.52E+12,2.29E+12,25.35,27.04,2.7,4.75,-80631,4.73E+12,131314,144.1,,130.8,95.79,2.35054993,0.2,1.9,3.4,3.41,,,,1.73,1538.496,5.5
2002-06-01,6.63,0.975,7.95,3.02,674000,241.3244,0.055617353,179.9,190.1,122.333,654.774,152.2,4173.5616,62.77,140.04007,0.9561,1.75,,2.2,4.93,2.99,5.65,5.68,1.73,4.19,160.3,92.8129,3.464,5.1649,67.1,8.4,1194.7,5537.8,5.54E+12,2.30E+12,24.08,25.52,2.7,4.75,29071,4.77E+12,131695,146.2,,130.9,98.57,2.31986391,0.24,1.94,3.2,3.18,,,,1.7,1563.938,6
2002-07-01,6.53,0.99,7.9,3.25,679300,238.1096,0.111172874,180.1,190.3,123.687,660.96,152.7,4201.5239,62.86,127.35619,0.9935,1.73,,1.96,4.65,2.56,5.51,5.59,1.71,3.81,155.9,88.3305,3.41,5.0274,67.2,8.4,1200.4,5578.7,5.57E+12,2.32E+12,25.74,26.97,2.6,4.75,-29159,4.76E+12,130255,153.4,,131.2,100.7,2.14192855,0.72,2.09,2.94,2.92,,,,1.68,1551.996,5.9
2002-08-01,6.37,1.053,7.58,3.32,679800,248.2293,0.333148251,180.7,191,124.73,660.558,153.4,4231.6981,63.09,130.79628,0.9781,1.74,,1.76,4.26,2.13,5.19,5.28,1.65,3.29,147,92.3919,3.3519,4.7311,66.8,8.4,1182.3,5621.7,5.61E+12,2.34E+12,26.65,28.39,2.6,4.75,-54709,4.75E+12,130341,154.2,,131.5,100.04,1.74226259,0.4,2.13,2.61,2.52,,,,1.62,1734.956,5.7
2002-09-01,6.15,1.055,7.4,3.53,680400,254.7064,0.166021029,181,191.3,125.494,662.189,152.2,4263.718,63.69,178.16191,0.9806,1.75,,1.72,3.87,2,4.87,4.96,1.66,2.94,155.6,92.286,3.3101,4.5233,66.6,8.3,1185.8,5646.5,5.66E+12,2.37E+12,28.4,29.66,2.5,4.75,42388,4.79E+12,130859,154.3,,132.3,100.11,1.44610825,0.4,1.87,2.21,2.12,,,,1.63,1250.986,5.4
2002-10-01,6.32,1.039,7.73,3.79,681900,254.7278,0.165745856,181.3,191.8,126.136,662.238,150.7,4315.162,64.02,160.96028,0.9812,1.75,,1.65,3.94,1.91,5,5.18,1.61,2.95,146.8,91.1892,3.2613,4.6235,66.6,8.6,1196.6,5685.3,5.68E+12,2.38E+12,27.54,28.84,2.5,4.75,-54072,4.81E+12,131530,156.6,,133.2,100.45,1.26869564,0.34,2.03,2.33,2.19,,,,1.58,1331.09,5.3
2002-11-01,6.31,1.08,7.62,3.57,688500,252.9829,0,181.3,191.8,126.642,667.444,148.8,4372.808,62.97,155.94651,1.0013,1.34,,1.49,4.05,1.92,5.04,5.18,1.25,3.05,133,90.2145,3.1241,4.5924,66.3,8.8,1205.3,5757.5,5.73E+12,2.42E+12,24.34,26.35,2.4,4.35,-58883,4.88E+12,131651,155.1,,133.1,100.9,1.39558681,0.28,2.13,2.8,2.71,,,,1.23,1227.557,5.6
2002-12-01,6.21,1.176,7.45,3.42,699200,261.8984,-0.220628792,180.9,191.4,127.151,676.472,148.5,4385.262,63.15,138.56579,1.0194,1.24,,1.45,4.03,1.84,5.01,5.13,1.21,3.03,123.1,89.3875,2.941,4.4065,66.2,8.9,1245.5,5804,5.77E+12,2.44E+12,28.33,29.46,2.5,4.25,4719,4.98E+12,131242,153.9,,132.9,102.34,1.69225366,1.06,2.19,2.82,2.79,,,,1.19,1467.708,5.7
2003-01-01,6.17,1.175,7.35,3.3,699300,257.499,0.442233278,181.7,191.8,127.652,679.411,148.3,4382.6317,65.19,157.28202,1.0622,1.24,2.29,1.36,4.05,1.74,5.02,5.14,1.19,3.05,117.8,90.1052,2.8318,4.2703,66.1,9.4,1225.5,5793.5,5.81E+12,2.45E+12,31.18,32.95,2.5,4.25,10633,4.92E+12,128561,157.8,,135.3,104.66,1.48820174,0.52,2.31,2.86,2.81,1.76,1.4,2.12,1.17,1108.279,6.5
2003-02-01,5.95,1.189,7.06,3.16,701000,248.4126,0.770500826,183.1,192.5,128.326,679.832,148.4,4407.9554,66.37,226.02687,1.0785,1.26,1.99,1.3,3.9,1.63,4.87,5.02,1.19,2.9,109.7,91.0182,2.6875,4.0608,66.2,9.6,1225.5,5820.8,5.86E+12,2.48E+12,32.77,35.83,2.7,4.25,-96663,4.95E+12,128977,164.2,,137.6,106,1.466379,0.92,2.27,2.71,2.64,1.91,1.66,2.16,1.17,1237.619,6.4
2003-03-01,5.89,1.209,6.95,3.14,705300,241.609,0.60076461,184.2,193,129.308,683.413,148.5,4443.1542,67.08,251.23258,1.0797,1.25,1.94,1.24,3.81,1.57,4.82,5.03,1.15,2.78,147.2,91.6836,2.53,4.1272,66.2,9.6,1245.1,5882.1,5.88E+12,2.50E+12,30.61,33.51,3.1,4.25,-58877,5.01E+12,129474,172.7,,141.2,106.94,1.22359095,0.82,2.24,2.66,2.56,1.87,1.69,2.05,1.13,1474.819,6.2
2003-04-01,5.74,1.131,6.85,2.89,709600,236.9259,-0.217155266,183.8,193.1,130.488,687.055,148.4,4483.0894,65.2,206.60022,1.0862,1.26,2.18,1.27,3.96,1.62,4.91,5.13,1.15,2.93,151.2,89.156,2.5333,4.2289,66.2,9.3,1259.6,5938.5,5.96E+12,2.53E+12,25,28.17,2.4,4.25,51066,5.05E+12,130131,176.3,,136.8,107.13,1.30961847,0.6,2.34,2.81,2.7,1.78,1.57,1.99,1.13,1436.733,5.8
2003-05-01,5.22,1.009,6.38,2.81,713700,245.4961,-0.163220892,183.5,193.2,131.839,690.521,147.9,4488.9228,63.88,143.94856,1.1556,1.26,1.91,1.18,3.57,1.42,4.52,4.76,1.09,2.52,165,89.7015,2.4005,3.9187,66.2,9,1266.6,5938.2,5.98E+12,2.55E+12,25.86,28.11,2,4.25,-88867,5.11E+12,130892,175.4,,136.7,111.05,1.37072098,0.14,2.15,2.48,2.31,1.66,1.34,1.98,1.07,1601.145,5.8
2003-06-01,4.97,1.199,6.19,2.86,715000,243.3283,0.108991826,183.7,193,133.225,691.954,147.4,4543.7432,63.84,100.43918,1.1674,1.22,1.72,1.01,3.33,1.23,4.34,4.62,0.94,2.27,174.5,92.4864,2.1519,3.7233,67,9,1284.7,5992.4,5.99E+12,2.56E+12,27.65,30.66,2.1,4.22,21230,5.13E+12,131221,171.3,,138,111.78,0.90511574,0.14,2.1,2.39,2.11,1.61,1.36,1.86,0.92,1502.328,6.5
2003-07-01,5.49,1.15,6.62,2.64,717600,244.119,0.108873163,183.9,193.2,134.647,694.257,145.7,4572.8152,64.21,94.04276,1.1365,1.01,2.11,1.12,3.98,1.47,4.92,5.13,0.92,2.87,175.8,88.5305,2.13,4.0626,66.8,8.9,1287.9,6035.3,6.03E+12,2.58E+12,28.35,30.76,1.7,4,-54240,5.12E+12,129884,166.9,,137.7,110.11,1.12868896,0.06,2.51,3.06,2.97,1.87,1.57,2.17,0.9,1538.781,6.3
2003-08-01,5.88,1.277,7.01,2.56,720900,244.1323,0.380641653,184.6,193.5,135.965,694.696,143.3,4605.7525,64.85,70.61743,1.1155,1.03,2.32,1.31,4.45,1.86,5.39,5.45,0.97,3.37,163.8,92.7471,2.1404,4.2047,66.3,8.9,1292.2,6091.8,6.05E+12,2.61E+12,29.89,31.57,2.5,4,-76587,5.13E+12,129935,164.6,,138,108.72,1.75170446,0.22,2.59,3.48,3.42,2.13,1.89,2.37,0.95,1656.167,6
2003-09-01,5.72,1.257,6.79,2.52,721100,243.2842,0.325027086,185.2,193.6,137.076,697.699,139,4596.5443,64.82,93.32123,1.1267,1.01,2.19,1.24,4.27,1.71,5.21,5.28,0.96,3.18,171.3,93.0069,2.1473,4.2319,65.9,8.8,1286.2,6063.9,6.06E+12,2.62E+12,27.11,28.31,2.8,4,23402,5.14E+12,130590,166.2,,138.5,108.55,1.89723825,0.02,2.56,3.31,3.26,2.08,1.89,2.27,0.94,1329.499,5.8
2003-10-01,5.7,1.33,6.73,2.44,724800,240.5704,-0.107991361,185,194.3,137.976,700.706,135.1,4559.8429,64.63,91.96793,1.1714,1.01,2.08,1.25,4.29,1.75,5.21,5.3,0.94,3.19,173.5,92.2083,2.1436,4.3081,66.1,9.1,1288.8,6048.3,6.11E+12,2.66E+12,29.61,30.34,2.6,4,-69545,5.16E+12,131383,167.6,,139.3,110.67,1.38081936,0.04,2.54,3.35,3.28,2.21,1.98,2.44,0.92,1333.497,5.6
2003-11-01,5.65,1.448,6.66,2.36,730600,272.0692,-0.27027027,184.5,193.9,138.765,706.305,132,4615.3223,64.5,91.81499,1.171,1,1.96,1.34,4.3,1.93,5.17,5.25,0.95,3.29,153.7,91.7819,2.159,4.4378,66.1,9.2,1293.9,6077,6.13E+12,2.66E+12,28.75,31.11,2.7,4,-42971,5.21E+12,131548,166.2,,138.9,110.63,1.71390165,0.04,2.37,3.35,3.3,2.34,2.02,2.66,0.93,1285.36,5.6
2003-12-01,5.62,1.559,6.6,2.33,739400,288.5881,-0.108401084,184.3,193.6,139.628,716.191,131,4657.8575,64.38,82.6856,1.2298,0.98,1.98,1.31,4.27,1.91,5.11,5.21,0.91,3.27,144.2,91.2806,2.1463,4.356,65.8,9.3,1332.5,6098.6,6.15E+12,2.68E+12,29.81,32.13,2.6,4,-17640,5.30E+12,131368,164.8,,139.5,114.01,1.71357266,0.32,2.36,3.36,3.29,2.29,2.04,2.54,0.9,1463.264,5.4
2004-01-01,5.54,1.573,6.44,2.29,736400,290.4352,0.488334238,185.2,194,140.705,713.752,130.8,4661.1057,65.08,75.34063,1.2638,1,1.89,1.24,4.15,1.76,5.01,5.13,0.9,3.12,124.5,91.1328,2.0895,4.2567,65.7,9.8,1301.8,6058.9,6.17E+12,2.70E+12,31.28,34.31,2.7,4,-1633,5.27E+12,128709,169,,141.4,114.57,1.70195436,0.22,2.39,3.25,3.15,2.26,2.03,2.49,0.88,1149.668,6.3
2004-02-01,5.5,1.583,6.27,2.19,735300,283.0187,0.539956803,186.2,194.9,142.029,713.25,131,4700.5688,65.04,76.99823,1.264,1.01,1.76,1.24,4.08,1.74,4.94,5.08,0.94,3.07,126.4,92.8205,2.0705,4.1833,65.7,9.8,1306.7,6089,6.20E+12,2.72E+12,30.86,34.69,2.6,4,-96701,5.27E+12,129320,172.9,,142.1,114.43,1.57158074,0.08,2.34,3.14,3.07,2.32,2.21,2.43,0.93,1303.718,6
2004-03-01,5.33,1.625,6.11,2.28,736800,276.8735,0.644468314,187.4,196.1,144.08,713.923,131.2,4777.0564,65.88,125.02164,1.2261,1,1.47,1.19,3.83,1.58,4.72,4.9,0.95,2.79,173.8,93.1477,2.0288,4.0194,65.8,9.8,1337.9,6168.5,6.23E+12,2.76E+12,33.63,36.74,2.9,4,-72913,5.31E+12,130361,174.7,,143.1,112.52,1.47016466,0.04,2.25,2.88,2.83,2.36,2.27,2.45,0.94,1540.321,6
2004-04-01,5.73,1.562,6.46,2.11,741200,277.6878,0.320170758,188,196.5,146.179,716.778,131.3,4855.2348,66.59,109.83803,1.1989,1,1.9,1.43,4.35,2.07,5.16,5.28,0.96,3.39,179.5,91.4898,2.0488,4.2424,65.7,9.5,1343.2,6235.9,6.26E+12,2.78E+12,33.59,36.75,3.2,4,17578,5.34E+12,131477,179.1,,144.8,110.79,1.35814941,0.06,2.28,3.39,3.35,2.45,2.37,2.53,0.94,1455.643,5.4
2004-05-01,6.04,1.372,6.75,2.03,745000,281.871,0.585106383,189.1,196.5,148.334,719.679,131.8,4903.7234,68.21,114.84983,1.2,1,2.09,1.78,4.72,2.53,5.46,5.51,1.04,3.85,187.6,92.8838,2.0859,4.3862,65.8,9.3,1333.4,6249.6,6.27E+12,2.77E+12,37.57,40.28,3.3,4,-62463,5.38E+12,132380,180.4,,146.8,112.04,1.88324516,0.02,2.19,3.68,3.72,2.63,2.51,2.75,1.02,1660.854,5.3
2004-06-01,6.01,1.311,6.78,2.05,750700,285.3882,0.317292438,189.7,196.6,150.518,726.437,130.6,4946.355,67.73,99.8453,1.2146,1.03,2.15,2.12,4.73,2.76,5.45,5.48,1.29,3.93,172.3,95.0293,2.1127,4.4426,66.5,9.1,1347.7,6272.8,6.32E+12,2.80E+12,35.18,38.03,3.3,4.01,19124,5.41E+12,132824,185.7,,147.2,112.01,1.94657611,0.86,1.97,3.44,3.7,2.58,2.52,2.64,1.27,1480.758,5.8
2004-07-01,5.82,1.253,6.62,2.12,757300,285.9741,-0.158144439,189.4,196.6,152.337,734.828,132.1,4976.0292,68.12,115.92539,1.2266,1.26,2.02,2.1,4.5,2.64,5.24,5.31,1.36,3.69,182,92.036,2.116,4.3396,66.8,9,1338.8,6279.1,6.35E+12,2.82E+12,38.22,40.78,3,4.25,-69160,5.43E+12,131664,189.2,,147.4,112.19,1.93379862,0.18,1.86,3.14,3.24,2.48,2.4,2.56,1.33,1589.173,5.7
2004-08-01,5.65,1.277,6.46,2.18,757200,289.2181,0.05279831,189.5,196.8,153.814,734.62,133.8,4994.5106,69.14,77.3424,1.2191,1.43,1.86,2.02,4.28,2.51,5.07,5.15,1.5,3.47,185.9,95.5119,2.1143,4.1679,66.2,9.1,1352.6,6300.9,6.38E+12,2.83E+12,42.74,44.9,2.8,4.43,-41132,5.40E+12,131685,195.2,,148,112.07,1.85580269,0.08,1.77,2.78,2.85,2.42,2.35,2.49,1.48,1463.409,5.4
2004-09-01,5.46,1.145,6.27,2.14,762200,293.4727,0.211081794,189.9,197.4,155.108,738.149,136.5,5031.8585,69.05,89.59677,1.2224,1.61,1.8,2.12,4.13,2.53,4.89,4.98,1.68,3.36,164,94.9284,2.1186,4.114,65.7,9.3,1349.1,6334,6.42E+12,2.87E+12,43.2,45.94,2.8,4.58,24611,5.45E+12,132398,203.8,,147.7,112.2,1.48469164,0.06,1.6,2.45,2.52,2.33,2.26,2.4,1.65,1470.081,5.1
2004-10-01,5.47,1.089,6.21,2.11,763900,289.7539,0.526592944,190.9,198.2,156.298,740.816,136.8,5052.4034,70.96,120.00147,1.2507,1.76,1.73,2.23,4.1,2.58,4.85,4.94,1.79,3.35,181.3,95.1959,2.1473,3.9794,66,9.4,1351.4,6355.6,6.46E+12,2.89E+12,49.78,53.28,3.1,4.75,-56618,5.49E+12,133380,212.2,,150,113.4,1.6871063,0.02,1.52,2.31,2.34,2.37,2.38,2.36,1.76,1370.093,5.1
2004-11-01,5.52,1.085,6.2,2.01,770500,288.274,0.052383447,191,198.1,157.496,746.581,136.7,5133.4587,70.17,127.93832,1.2997,1.93,1.68,2.5,4.19,2.85,4.89,4.95,2.11,3.53,138.1,94.2078,2.1703,3.8687,66.1,9.6,1371,6405.1,6.48E+12,2.91E+12,43.11,48.47,2.8,4.93,-57170,5.53E+12,133630,219.4,,151.4,114.73,1.60768876,0.08,1.34,2.08,2.26,2.51,2.63,2.39,2.07,1231.197,5.2
2004-12-01,5.47,1.199,6.15,1.92,776300,304.8763,-0.366492147,190.3,197.8,158.67,753.395,137.3,5182.9889,68.91,83.33497,1.3406,2.16,1.67,2.67,4.23,3.01,4.88,4.91,2.22,3.6,140.2,94.5538,2.1732,3.6893,65.8,9.5,1401.5,6447.4,6.54E+12,2.91E+12,39.6,43.15,3,5.15,-2561,5.63E+12,133399,222.1,,150.2,116.44,1.90953662,0.06,1.22,2.01,2.07,2.56,2.68,2.44,2.19,1583.603,5.1
2005-01-01,5.36,1.211,6.02,1.8,775200,311.476,0.21019443,190.7,198.4,160.13,750.197,137.5,5192.1641,69.13,58.94662,1.3123,2.28,1.72,2.86,4.22,3.22,4.77,4.77,2.37,3.71,142.9,94.8054,2.1454,3.6336,65.4,9.8,1361.5,6404.1,6.57E+12,2.96E+12,44.51,46.84,2.9,5.25,8106,5.64E+12,130695,226.6,,150.9,113.87,1.7792759,0.02,1,1.85,1.94,2.5,2.58,2.42,2.33,1095.851,5.7
2005-02-01,5.2,1.284,5.82,1.65,772900,300.5468,0.576822234,191.8,199.5,161.924,750.39,137.6,5208.5589,70.05,74.97708,1.3013,2.5,1.63,3.03,4.17,3.38,4.61,4.56,2.58,3.77,149.1,95.9364,2.1383,3.6153,65.6,9.9,1355,6405.7,6.61E+12,2.99E+12,45.48,48.15,2.9,5.49,-113789,5.64E+12,131519,226.9,,151.6,112.59,1.81315912,0,0.79,1.59,1.67,2.54,2.69,2.39,2.54,1286.074,5.8
2005-03-01,5.4,1.132,6.06,1.56,773500,296.7188,0.782064651,193.3,200.7,164.576,752.083,137.7,5257.1238,71.66,81.45479,1.3185,2.63,1.79,3.3,4.5,3.73,4.89,4.77,2.8,4.17,156.2,96.3952,2.1372,3.7625,65.6,9.8,1381.7,6464.9,6.63E+12,3.01E+12,53.1,54.19,3.2,5.58,-71724,5.68E+12,132358,229.1,,153.7,114.07,1.97934111,0.16,0.77,1.7,1.87,2.71,2.88,2.54,2.74,1615.983,5.4
2005-04-01,5.33,1.164,6.05,1.71,775500,297.5956,0.672529747,194.6,200.9,166.999,753.66,138.1,5322.6123,73.29,89.07868,1.2943,2.79,1.71,3.32,4.34,3.65,4.75,4.65,2.84,4,184.6,95.7346,2.1372,3.5709,65.8,9.3,1369.4,6508.3,6.68E+12,3.02E+12,51.88,52.98,3.3,5.75,57924,5.74E+12,133571,230.6,,155,113.15,2.02052684,0,0.69,1.5,1.55,2.63,2.77,2.49,2.78,1542.051,4.9
2005-05-01,5.15,1.185,6.01,1.87,776400,295.8992,-0.102774923,194.4,200.8,169.544,754.184,138.8,5317.409,72.87,99.44091,1.2697,3,1.65,3.33,4.14,3.64,4.56,4.49,2.9,3.85,197.9,96.001,2.1256,3.4074,66,9.3,1369.5,6459.8,6.73E+12,3.05E+12,48.65,49.83,3.2,5.98,-36190,5.78E+12,134384,226.3,,154.3,111.96,1.78986568,0.08,0.5,1.24,1.14,2.49,2.57,2.41,2.84,1537.321,4.9
2005-06-01,4.96,1.139,5.86,1.86,780700,299.5292,0.051440329,194.5,200.6,172.015,759.996,139.9,5379.5762,74.04,99.41497,1.2155,3.04,1.67,3.36,4,3.64,4.35,4.28,3.04,3.77,192.8,99.3421,2.111,3.2541,66.5,9,1384.3,6511.8,6.81E+12,3.26E+12,54.35,56.35,3.2,6.01,22473,5.86E+12,135053,219.9,,154.3,109.12,1.66688811,0.04,0.36,0.96,0.96,2.33,2.38,2.28,2.97,1720.006,5.2
2005-07-01,5.06,1.165,5.95,1.77,782900,300.4371,0.462724936,195.4,200.8,174.098,763.847,141,5381.7151,76.03,85.08384,1.2041,3.26,1.88,3.64,4.18,3.87,4.48,4.38,3.29,3.98,187.6,95.6929,2.1194,3.316,66.8,8.7,1365.4,6530.7,6.88E+12,3.30E+12,57.52,59,3,6.25,-53395,5.90E+12,133993,218.7,,156.3,108.9,1.82002108,0.62,0.31,0.89,0.92,2.3,2.31,2.29,3.22,1845.713,5.2
2005-08-01,5.09,1.166,5.96,1.7,782700,300.8099,0.511770727,196.4,201,175.923,763.347,142,5451.7732,77.04,82.83349,1.2295,3.5,1.89,3.87,4.26,4.04,4.53,4.44,3.52,4.12,192,99.1638,2.1325,3.3155,66.5,8.9,1376.9,6555,6.91E+12,3.32E+12,63.98,64.99,3.1,6.44,-51036,5.86E+12,134244,217.1,,157.6,109.5,2.00821677,2.28,0.22,0.74,0.76,2.37,2.41,2.33,3.44,1524.158,4.9
2005-09-01,5.13,1.279,6.03,1.83,787900,303.456,1.221995927,198.8,201.3,177.611,767.94,141.5,5494.2816,79.36,160.47384,1.2234,3.62,1.7,3.85,4.2,3.95,4.51,4.45,3.49,4.01,187.9,96.7853,2.1391,3.1555,66.1,9.1,1363.5,6587.7,6.97E+12,3.34E+12,62.91,65.59,4.3,6.59,35234,5.94E+12,134869,223,,162.2,108.93,1.73569017,11.46,0.25,0.71,0.58,2.5,2.61,2.39,3.42,1366.93,4.8
2005-10-01,5.35,1.264,6.3,1.84,787200,294.6722,0.201207243,199.2,202.3,178.751,768.814,140.6,5515.3634,79.6,71.51886,1.2022,3.78,1.94,4.18,4.46,4.27,4.74,4.64,3.79,4.33,180.4,96.9658,2.1966,3.3234,66.2,9.3,1365.4,6615,6.99E+12,3.37E+12,58.54,62.26,4.6,6.75,-47277,5.98E+12,135599,238.6,,166.2,108.31,1.96704484,0.14,0.19,0.67,0.68,2.52,2.63,2.41,3.71,1184.16,4.6
2005-11-01,5.42,1.279,6.39,1.85,793500,300.7457,-0.803212851,197.6,202.3,179.673,774.619,139.4,5559.4537,77.24,95.44765,1.1789,4,2.06,4.33,4.54,4.42,4.83,4.7,3.97,4.45,160.7,96.686,2.3609,3.5273,66.1,9.1,1373.6,6655.7,7.03E+12,3.39E+12,55.24,58.32,3.3,7,-83072,6.00E+12,136158,244.3,,163.7,107.23,2.07568901,0,0.12,0.57,0.54,2.48,2.48,2.48,3.88,1200.786,4.8
2005-12-01,5.37,1.35,6.32,1.85,803100,311.5215,-0.4048583,196.8,202.1,180.107,783.336,139.2,5625.2434,76.69,61.47662,1.1861,4.16,2.12,4.35,4.47,4.4,4.73,4.62,3.97,4.39,136,97.0642,2.4729,3.409,65.9,9.1,1397.2,6708.9,7.09E+12,3.42E+12,56.86,59.41,3.1,7.15,10967,6.17E+12,135954,241.2,,163,107.52,2.01834727,0.04,0.07,0.5,0.31,2.35,2.3,2.4,3.89,1525.713,4.6
2006-01-01,5.29,1.449,6.24,1.82,804200,309.6026,0.762195122,198.3,202.6,180.828,786.823,139.3,5641.1365,78.55,83.96113,1.2126,4.29,2.01,4.45,4.42,4.4,4.65,4.57,4.34,4.35,153,96.512,2.5117,3.3927,65.5,9.4,1375.5,6707.1,7.12E+12,3.45E+12,62.99,65.49,3,7.26,20964,6.13E+12,133302,240,,164.3,107.22,2.06484172,0.02,0.02,0.08,0.13,2.41,2.42,2.4,4.24,1176.162,5.1
2006-02-01,5.35,1.328,6.27,1.7,804900,297.5163,0.201714574,198.7,203.6,181.5,785.378,139.5,5662.5639,78.88,60.63415,1.194,4.49,2.05,4.68,4.57,4.67,4.73,4.57,4.54,4.57,145.1,97.2392,2.6004,3.551,65.7,9.4,1362,6724.2,7.17E+12,3.47E+12,60.21,61.63,3,7.5,-119237,6.16E+12,134229,236.4,,161.8,106.12,2.20441278,0.02,-0.1,0.03,0.08,2.52,2.59,2.45,4.43,1298.13,5.1
2006-03-01,5.53,1.302,6.41,1.69,810100,289.0283,0.55359839,199.8,204.9,182.75,788.916,140,5721.1501,79.24,79.82994,1.2028,4.59,2.2,4.77,4.72,4.73,4.91,4.73,4.63,4.72,165.9,98.5192,2.7226,3.7312,65.8,9.2,1394.7,6796.7,7.22E+12,3.49E+12,62.06,62.69,3,7.53,-85281,6.21E+12,135209,235.4,,162.2,107.45,2.38362088,0.06,-0.01,0.09,0.13,2.52,2.63,2.41,4.51,1576.647,4.8
2006-04-01,5.84,1.283,6.68,1.69,809200,291.4242,0.850850851,201.5,205.5,183.648,790.544,140.4,5809.0697,81.44,89.04357,1.2273,4.79,2.41,4.9,4.99,4.89,5.22,5.06,4.72,4.9,160.5,96.6963,2.7938,4.0116,65.8,8.7,1393.6,6860.1,7.30E+12,3.52E+12,70.26,69.44,3.3,7.75,118841,6.32E+12,136124,231.6,,164.3,108.73,2.35839303,0.3,0.1,0.27,0.2,2.58,2.64,2.52,4.6,1489.804,4.5
2006-05-01,5.95,1.206,6.75,1.64,812600,298.168,0.496277916,202.5,205.7,184.38,794.306,140.9,5801.0768,82.28,82.44514,1.2767,4.94,2.45,5,5.11,4.97,5.35,5.2,4.84,5,190.2,98.0392,2.889,4.0603,66,8.4,1392.1,6798.4,7.35E+12,3.55E+12,69.78,70.84,4,7.93,-42907,6.32E+12,136927,232.6,,165.8,110.48,2.40637015,0.2,0.14,0.27,0.17,2.66,2.7,2.62,4.72,1533.712,4.4
2006-06-01,5.89,1.242,6.78,1.67,812400,296.1548,0.197530864,202.9,205.9,184.547,794.297,141.5,5827.9356,82.22,89.85152,1.2661,4.99,2.53,5.16,5.11,5.12,5.29,5.15,4.92,5.07,170.2,101.4428,2.9857,4.0751,66.7,8.2,1379,6852.1,7.39E+12,3.56E+12,68.56,70.95,3.3,8.02,20517,6.39E+12,137432,235.1,,166.1,111.18,2.45080986,0.18,-0.01,0.19,0.12,2.58,2.62,2.54,4.79,1545.268,4.8
2006-07-01,5.85,1.213,6.76,1.67,811500,297.8412,0.295712173,203.5,206.2,184.607,795.918,142.1,5830.3278,83.31,82.00437,1.2681,5.24,2.51,5.22,5.09,5.12,5.25,5.13,5.08,5.04,160.9,98.4227,3.1022,4.0963,66.9,8,1368.6,6873.6,7.40E+12,3.55E+12,73.67,74.41,3.2,8.25,-33164,6.38E+12,136256,235.8,,166.8,111.08,2.49634953,0.14,-0.03,0.01,-0.15,2.58,2.58,2.58,4.95,1531.114,5
2006-08-01,5.68,1.244,6.59,1.71,809700,302.7553,0.196560197,203.9,206.7,184.404,793.601,142.4,5855.2499,83.38,58.86663,1.281,5.25,2.29,5.08,4.88,4.9,5.08,5,5.09,4.82,146.8,101.8113,3.2265,3.9682,66.5,8.1,1370.6,6892.3,7.48E+12,3.57E+12,73.23,73.04,3.8,8.25,-64717,6.36E+12,136462,238.7,,167.9,110.86,2.2982861,0.06,-0.02,-0.21,-0.37,2.59,2.55,2.63,4.96,1530.014,4.6
2006-09-01,5.51,1.254,6.43,1.71,810400,303.3908,-0.490436488,202.9,207.2,184.198,794.469,141,5910.4459,80.7,76.82971,1.2722,5.25,2.32,4.97,4.72,4.77,4.93,4.85,4.93,4.67,150.1,100.8286,3.3354,3.8398,66.1,8.2,1347.4,6919.7,7.58E+12,3.59E+12,61.96,63.8,3.1,8.25,56167,6.46E+12,137129,239.9,,165.4,110.46,2.20605719,0.12,-0.05,-0.21,-0.53,2.4,2.29,2.51,4.81,1394.215,4.4
2006-10-01,5.51,1.257,6.42,1.69,809800,299.0724,-0.542138985,201.8,207.8,184.054,794.139,139.3,6010.6057,79.27,71.2218,1.2617,5.25,2.41,5.01,4.73,4.8,4.94,4.85,5.05,4.69,130.6,99.6608,3.502,3.8813,66.4,8.3,1360.3,6962.5,7.60E+12,3.59E+12,57.81,58.89,3.1,8.25,-49321,6.47E+12,137831,238.3,,162.2,109.79,2.21206207,0.06,-0.07,-0.32,-0.52,2.32,2.18,2.46,4.92,1260.626,4.1
2006-11-01,5.33,1.354,6.2,1.6,816800,303.9999,-0.148662042,201.5,207.6,183.632,800.542,137.3,6067.3759,78.89,73.8451,1.2888,5.25,2.29,5.01,4.6,4.74,4.78,4.69,5.07,4.58,115.2,98.4565,3.5972,3.8041,66.4,8.4,1368.5,7024.9,7.65E+12,3.62E+12,58.76,59.08,3,8.25,-73042,6.54E+12,138217,234.3,,164.6,110.31,2.1998854,0,-0.14,-0.47,-0.65,2.31,2.17,2.45,4.94,1236.584,4.3
2006-12-01,5.32,1.543,6.22,1.66,826700,321.5583,0.148883375,201.8,207.3,183.23,809.326,136.2,6136.2448,78.98,74.91799,1.3205,5.24,2.25,4.94,4.56,4.67,4.78,4.68,4.97,4.53,112.4,99.4405,3.6842,3.9026,66.3,8.1,1387.7,7100.1,7.76E+12,3.70E+12,62.47,61.96,2.9,8.25,41961,6.74E+12,138107,227.6,,165.6,111.45,2.12213778,0,-0.11,-0.41,-0.68,2.31,2.25,2.37,4.85,1476.413,4.3
2007-01-01,5.4,1.549,6.34,1.58,823000,322.9627,0.305252725,202.416,208.009,182.719,808.848,135.257,6147.492,79.25,62.33881,1.2993,5.25,2.44,5.06,4.76,4.88,4.95,4.85,5.11,4.75,95,98.371,3.7519,4.1028,65.9,8.3,1369,7098.2,7.84E+12,3.70E+12,53.68,54.51,3,8.25,38236,6.70E+12,135317,224.5,,164,109.92,2.14807579,0.22,-0.12,-0.35,-0.49,2.32,2.28,2.36,4.98,1124.216,5
2007-02-01,5.39,1.746,6.28,1.56,820000,311.619,0.535036756,203.499,209.112,182.472,805.364,134.597,6167.2198,79.49,58.51786,1.308,5.26,2.36,5.05,4.72,4.85,4.93,4.82,5.16,4.71,103.1,99.8623,3.8182,4.1175,65.8,8.4,1347.5,7109.7,7.89E+12,3.72E+12,57.56,59.28,3,8.25,-119993,6.71E+12,136008,222.4,,166.8,110.07,2.28715091,0.02,-0.13,-0.44,-0.54,2.36,2.37,2.35,5.03,1285.136,4.9
2007-03-01,5.3,1.634,6.27,1.71,820900,299.626,0.910569585,205.352,209.923,182.194,806.34,134.382,6213.9149,80.69,71.11645,1.3246,5.26,2.18,4.92,4.56,4.57,4.81,4.72,5.08,4.48,123.8,100.9545,3.8909,4.0227,65.9,8,1378.4,7207.6,8.01E+12,3.75E+12,62.05,60.44,3,8.25,-96270,6.83E+12,136907,224,,169.3,111.22,2.0249864,0,-0.01,-0.52,-0.7,2.38,2.44,2.32,4.94,1574.877,4.5
2007-04-01,5.47,1.616,6.39,1.7,823000,304.0466,0.649616269,206.686,210.311,182.131,807.557,134.363,6303.7907,81.79,65.16531,1.3513,5.25,2.26,4.93,4.69,4.67,4.95,4.87,5.01,4.59,135.6,100.0868,3.9753,4.2459,65.7,7.7,1392.3,7296.5,8.03E+12,3.74E+12,67.49,63.98,3.3,8.25,177674,6.88E+12,137712,228.8,,171.4,112.21,2.07748685,0.02,0.02,-0.32,-0.56,2.43,2.47,2.39,4.87,1365.965,4.3
2007-05-01,5.47,1.504,6.39,1.64,825700,307.1073,0.611071867,207.949,210.316,181.884,809.5,134.481,6304.7317,82.55,54.99328,1.3518,5.25,2.37,4.91,4.75,4.77,4.98,4.9,4.87,4.67,136.5,101.0021,4.0714,4.3731,65.8,7.6,1385.6,7241,8.13E+12,3.77E+12,67.21,63.46,3.3,8.25,-67699,6.93E+12,138654,230,,173.3,111.88,2.0318442,0.12,-0.02,-0.12,-0.5,2.38,2.38,2.38,4.73,1590.262,4.3
2007-06-01,5.79,1.373,6.7,1.6,827200,313.0139,0.193797518,208.352,210.474,181.54,811.079,135.067,6293.3837,82.99,60.84606,1.3421,5.25,2.69,4.96,5.1,4.98,5.29,5.2,4.74,5.03,137.8,104.0021,4.1478,4.6608,66.6,7.3,1370.8,7285.1,8.21E+12,3.79E+12,71.05,67.49,3.4,8.25,27481,7.02E+12,139156,231.8,,173.8,111.27,2.24630973,0.32,0.12,0.36,-0.15,2.41,2.38,2.44,4.61,1481.21,4.7
2007-07-01,5.73,1.502,6.65,1.65,828900,314.2785,-0.025437721,208.299,210.756,180.993,814.649,136.024,6289.7765,83.37,47.69235,1.3726,5.26,2.64,4.96,5,4.82,5.19,5.11,4.96,4.88,127.9,100.7569,4.2162,4.6284,66.8,7.3,1368.6,7287.9,8.29E+12,3.82E+12,76.93,74.12,3.4,8.25,-36447,7.06E+12,137760,233.5,,175.1,111.51,2.37357342,0.52,0.18,0.04,-0.26,2.36,2.28,2.44,4.82,1331.024,4.9
2007-08-01,5.79,1.634,6.65,1.98,829600,316.8138,-0.183390223,207.917,211.111,180.234,811.732,137.138,6357.9095,82.66,94.66285,1.3626,5.02,2.44,4.47,4.67,4.31,5,4.93,4.32,4.43,121.2,104.0407,4.5436,4.4263,66.1,7.3,1372.8,7347.2,8.34E+12,3.81E+12,70.76,72.36,3.2,8.25,-116973,7.04E+12,137872,234.4,,172.4,111.17,2.13388077,0.42,0.36,0.35,-0.35,2.23,2.04,2.42,4.2,1500.386,4.6
2007-09-01,5.74,1.825,6.59,2.07,827400,321.8454,0.275590741,208.49,211.628,179.121,811.899,137.142,6425.8001,83.17,166.73321,1.391,4.94,2.26,4.14,4.52,4.01,4.84,4.79,3.99,4.2,101.5,103.5276,4.7417,4.3694,66,7.3,1356.3,7367.6,8.42E+12,3.83E+12,77.17,79.92,3.1,8.03,112866,7.14E+12,138435,233.4,,173.5,112.12,1.94622258,0.56,0.51,0.53,-0.42,2.26,2.06,2.46,3.89,1335.814,4.5
2007-10-01,5.66,1.771,6.48,1.95,829000,319.4784,0.213919133,208.936,212.318,177.529,813.658,136.95,6564.6279,83.66,96.88045,1.4233,4.76,2.2,4.1,4.53,3.97,4.83,4.77,4,4.2,115,101.9171,4.6874,4.4002,66,7.4,1369.4,7378.6,8.54E+12,3.83E+12,82.34,85.8,3.1,7.74,-56838,7.23E+12,139181,237,,174.7,112.88,1.98911422,1.4,0.56,0.53,-0.23,2.33,2.19,2.47,3.9,1256.533,4.4
2007-11-01,5.44,1.862,6.4,2.25,834300,330.375,0.593961787,210.177,212.435,175.161,819.857,136.616,6677.7708,86.51,97.73733,1.4683,4.49,1.77,3.5,4.15,3.34,4.56,4.52,3.35,3.67,88.8,101.4279,4.6385,4.2515,66.1,7.5,1370.5,7436.8,8.63E+12,3.85E+12,92.41,94.77,3.4,7.5,-98238,7.29E+12,139494,243.5,,179,114.54,1.82624712,2.54,0.81,0.8,-0.34,2.38,2.32,2.44,3.27,1200.511,4.5
2007-12-01,5.49,2.099,6.65,2.55,837200,350.8146,-0.067086313,210.036,212.356,173.338,820.294,136.943,6720.4193,86.23,98.01473,1.4559,4.24,1.79,3.26,4.1,3.12,4.57,4.53,3.07,3.49,68.9,101.5249,4.8484,4.3818,65.9,7.5,1394.9,7504.2,8.65E+12,3.84E+12,90.93,91.69,3.4,7.33,48261,7.44E+12,139279,245.8,,178.6,114.42,1.38696881,8.84,0.98,1.03,-0.14,2.31,2.22,2.4,3,1414.147,4.8
2008-01-01,5.33,2.175,6.54,2.8,830600,346.4124,0.497057647,211.08,213.138,171.078,817.367,137.203,6716.8983,87.67,160.25905,1.4728,3.94,1.47,2.71,3.74,2.48,4.35,4.33,2.82,2.98,70.8,100.8856,4.4815,4.2317,65.7,7.8,1375.9,7502.6,8.80E+12,3.85E+12,92.18,92.97,3.4,6.98,17839,7.45E+12,136252,250,,181,113.8,1.39949068,23.64,1.26,0.92,-0.2,2.27,2.12,2.42,2.75,1063.408,5.4
2008-02-01,5.53,2.168,6.82,3.08,829500,332.9247,0.290411218,211.693,213.866,169.192,814.429,137.248,6763.0025,87.78,128.78454,1.4759,2.98,1.41,2.05,3.74,1.97,4.49,4.52,2.17,2.78,78.4,100.6713,4.3621,4.1394,65.5,7.8,1365.9,7585.2,8.85E+12,3.84E+12,94.99,95.39,3.6,6,-175563,7.47E+12,136770,250.2,,182.7,112.91,1.11112286,49.9,1.77,1.57,0.76,2.33,2.13,2.53,2.12,1196.431,5.2
2008-03-01,5.51,2.203,6.89,3.38,833000,324.5192,0.866821293,213.528,214.866,167.905,816.645,137.225,6847.2781,89.78,139.87072,1.552,2.61,1.09,1.54,3.51,1.62,4.36,4.39,1.28,2.48,82.2,100.9975,4.5964,4.0705,65.7,7.6,1401.1,7719.2,8.87E+12,3.86E+12,103.64,105.45,4.3,5.66,-48212,7.54E+12,137361,250.6,,187.9,116.78,1.02522008,67.86,1.89,2.23,0.9,2.42,2.25,2.59,1.26,1378.605,5.2
2008-04-01,5.55,2.069,6.97,3.29,830200,325.2348,0.606477839,214.823,215.059,167.325,813.937,136.787,6879.3687,90.7,96.74758,1.5754,2.28,1.36,1.74,3.68,2.05,4.44,4.44,1.31,2.84,89.5,99.6725,4.7835,4.2827,65.7,7.6,1406.6,7767.6,8.94E+12,3.84E+12,109.07,112.58,4.8,5.24,159282,7.63E+12,137894,251.3,,190.9,117.61,1.06289422,80.86,1.63,2.37,1.4,2.32,2.22,2.42,1.29,1272.999,4.8
2008-05-01,5.57,1.93,6.93,3.05,834700,326.3473,0.842088603,216.632,215.18,167.022,817.686,136.325,6845.9232,93.89,76.82344,1.5554,1.98,1.46,2.06,3.88,2.45,4.6,4.6,1.76,3.15,91.7,99.3286,4.8574,4.4233,66,7.4,1396.5,7709.1,9.02E+12,3.86E+12,122.8,125.4,5.2,5,-165927,7.69E+12,138470,256.1,,196.6,116.87,1.40051629,87.34,1.43,2.12,1.9,2.42,2.36,2.48,1.73,1420.485,5.2
2008-06-01,5.68,1.92,7.07,2.97,840200,327.9517,1.007699693,218.815,215.553,166.538,822.827,135.98,6853.1012,96.35,106.42784,1.5562,2,1.63,2.42,4.1,2.77,4.74,4.69,1.89,3.49,102.5,101.9726,4.9405,4.8093,66.6,7.5,1407.3,7731.7,9.04E+12,3.86E+12,132.32,133.88,5.1,5,33547,7.73E+12,138665,258.6,,200.5,116.42,1.48755401,91.3,1.33,2.21,2.1,2.47,2.52,2.42,1.86,1212.54,5.7
2008-07-01,5.67,2.011,7.16,3.15,847000,332.6356,0.525101113,219.964,216.045,165.713,829.946,135.84,6818.1158,97.61,87.93302,1.5759,2.01,1.57,2.28,4.01,2.57,4.62,4.57,1.66,3.3,86.7,99.282,4.961,4.8145,66.8,7.3,1417.7,7745,9.11E+12,3.83E+12,132.72,133.37,5.1,5,-102767,7.75E+12,137184,269.8,,205.5,116.01,1.44558109,96.88,1.44,2.35,2,2.44,2.46,2.42,1.63,1156.003,6
2008-08-01,5.64,1.854,7.15,3.26,847600,340.4827,-0.399156226,219.086,216.476,164.278,830.514,135.405,6838.0987,94.73,92.29638,1.4955,2,1.68,2.18,3.89,2.42,4.53,4.5,1.75,3.14,76.4,99.9642,4.9652,4.496,66.4,7.4,1401.3,7742.7,9.14E+12,3.82E+12,113.24,116.67,4.8,5,-111914,7.76E+12,137077,274.4,,199,113.04,1.35649733,99.86,1.47,2.14,1.89,2.21,1.99,2.43,1.72,1269.113,6.1
2008-09-01,5.65,1.978,7.31,3.62,909700,349.6521,-0.138301854,218.783,216.862,161.912,833.942,132.916,7049.0341,94.41,156.0435,1.4342,1.81,1.85,1.91,3.69,2.08,4.32,4.27,1.15,2.88,73.9,94.8727,5.0192,4.5043,65.9,7.5,1441.5,7815.6,9.22E+12,3.88E+12,97.23,104.11,4.3,5,45734,7.84E+12,137130,269.5,,196.9,111.64,1.23957472,100,1.61,2.54,1.88,1.84,1.33,2.35,1.13,984.592,6
2008-10-01,6.28,1.858,8.88,5.07,1136400,372.2184,-1.010133328,216.573,217.023,159.163,849.122,129.733,7140.5969,91.79,216.59178,1.3266,0.97,2.75,1.42,3.81,1.61,4.45,4.17,0.69,2.73,68.2,94.5946,5.1131,4.4158,66.1,7.8,1462.6,7922.1,9.37E+12,3.98E+12,71.58,76.61,3.9,4.56,-155533,7.97E+12,137424,264.8,,186.4,109.11,1.48506331,91.32,2.2,3.12,2.84,1.06,-0.02,2.15,0.67,859.026,6.1
2008-11-01,6.12,1.838,9.21,5.68,1442300,382.5545,-1.915289533,212.425,216.69,156.071,864.074,126.869,7108.0408,87.31,156.77446,1.2744,0.39,2.89,1.07,3.53,1.21,4.27,4,0.19,2.29,47.5,92.5679,4.2383,4.1964,65.8,8.1,1513.7,8012.5,9.39E+12,3.97E+12,52.45,57.31,2.9,4,-125201,8.02E+12,136744,239.1,,176.8,108.27,1.63162854,99.82,2.32,3.34,3.14,0.64,-1.4,2.72,0.19,763.936,6.5
2008-12-01,5.05,1.834,8.43,6.01,1666400,394.949,-1.034247381,210.228,216.1,152.545,877.883,125.883,7275.8275,83.27,136.78456,1.3511,0.16,2.17,0.49,2.42,0.82,3.18,2.87,0.03,1.52,37.7,90.4904,3.2926,3.8881,65.7,8.5,1632.3,8231.5,9.40E+12,3.99E+12,39.95,41.12,1.7,3.61,-51754,8.10E+12,135713,227.1,,170.9,113.96,0.97537985,100,1.6,2.39,2.26,0.25,-0.24,0.74,0.03,916.12,7.1
2009-01-01,5.05,1.85,8.14,5.62,1712000,402.8151,0.435241738,211.143,216.719,149.362,886.184,124.863,7279.8733,83.29,159.99384,1.3244,0.15,1.91,0.44,2.52,0.81,3.46,3.13,0.13,1.6,31.9,87.9467,2.4565,4.1037,65.4,9.1,1580.7,8276.4,9.41E+12,4.09E+12,43.44,41.71,2.2,3.25,-63457,8.10E+12,132021,218.8,,171.2,112.96,0.93854104,100,1.71,2.39,2.37,0.61,0.01,1.21,0.13,670.466,8.5
2009-02-01,5.27,1.795,8.08,5.21,1561700,396.8555,0.497293304,212.193,217.685,147.618,894.156,122.837,7248.1438,83.74,139.69696,1.2797,0.22,1.75,0.62,2.87,0.98,3.83,3.59,0.3,1.87,39.8,87.1993,1.9431,4.1962,65.5,9.6,1552,8305.2,9.44E+12,4.13E+12,43.32,39.09,1.9,3.25,-193859,8.09E+12,131792,224.7,,169.3,112.37,1.03930649,99.96,1.89,2.57,2.65,1.12,0.58,1.66,0.3,701.635,8.9
2009-03-01,5.5,1.693,8.42,5.6,1647300,378.1597,0.243174846,212.709,218.639,146.515,900.752,121.061,7314.816,82.76,133.46071,1.305,0.18,1.71,0.64,2.82,0.93,3.78,3.64,0.22,1.82,42.7,86.263,1.6355,4.142,65.4,9.7,1594.9,8441.1,9.41E+12,4.15E+12,46.54,47.94,2,3.25,-191589,8.09E+12,131659,222,,168.1,114.91,1.25074177,99.96,1.89,2.6,2.64,1.11,0.59,1.63,0.21,872.848,9
2009-04-01,5.39,1.774,8.39,5.46,1753200,368.1592,0.249636828,213.24,219.143,146.943,903.412,121.213,7356.5886,82.96,119.99919,1.3199,0.15,1.57,0.55,2.93,0.93,3.84,3.76,0.16,1.86,42.5,83.9539,1.4223,4.0879,65.4,9.7,1627.7,8441.5,9.45E+12,4.19E+12,50.18,49.65,2.8,3.25,-20907,8.16E+12,131842,218.4,,169.1,113.87,0.71281967,97.9,2,2.77,2.78,1.36,0.75,1.97,0.16,832.588,8.6
2009-05-01,5.54,1.501,8.06,4.77,1775100,360.2065,0.288876383,213.856,219.128,148.17,905.514,122.65,7451.66,83.28,122.96011,1.3646,0.18,1.72,0.5,3.29,0.93,4.22,4.23,0.18,2.13,52.2,84.1502,1.2817,4.134,65.5,9.4,1617.9,8428.6,9.42E+12,4.21E+12,57.3,59.03,2.8,3.25,-189651,8.16E+12,132114,221.6,,170.8,114.31,1.0174109,91.08,2.36,3.11,3.11,1.57,1.06,2.08,0.18,938.41,9.1
2009-06-01,5.61,1.529,7.5,3.78,1683700,355.3946,0.858989226,215.693,219.283,149.797,907.576,124.323,7506.3393,85.35,113.23892,1.4014,0.21,1.86,0.51,3.72,1.18,4.51,4.52,0.18,2.71,59.1,86.3469,1.2279,4.3237,66.2,9.4,1661.7,8441.3,9.42E+12,4.26E+12,68.61,69.64,3.1,3.25,-94332,8.19E+12,131933,221.3,,174.1,115.69,1.32210554,68.72,2.54,3.54,3.51,1.86,1.53,2.19,0.18,874.874,9.7
2009-07-01,5.41,1.495,7.09,3.53,1673600,354.4223,-0.158558692,215.351,219.35,150.749,909.56,125.061,7450.024,83.85,95.94823,1.4092,0.16,1.82,0.48,3.56,1.02,4.38,4.41,0.18,2.46,56.8,85.805,0.975,4.0889,66.2,9.4,1657.6,8407.6,9.43E+12,4.31E+12,64.44,64.15,2.9,3.25,-180680,8.17E+12,130337,232,,172.5,114.66,1.26690282,3.78,2.54,3.38,3.4,1.74,1.28,2.2,0.18,1011.769,9.7
2009-08-01,5.26,1.632,6.58,2.99,1710800,354.8729,0.224285004,215.834,219.596,150.668,910.774,128.028,7491.8229,85.35,91.37744,1.4266,0.16,1.77,0.46,3.59,1.12,4.33,4.37,0.17,2.57,52.9,88.8373,0.8605,3.89,65.6,9.5,1651.3,8386.7,9.39E+12,4.35E+12,72.51,71.05,2.8,3.25,-103555,8.15E+12,130216,231.5,,175,114.86,1.15904037,0.98,2.47,3.42,3.43,1.82,1.28,2.36,0.17,1274.678,9.6
2009-09-01,5.13,1.627,6.31,2.91,1801200,351.4977,0.062548069,215.969,220.137,149.626,912.969,129.369,7533.9128,84.29,104.3236,1.4575,0.15,1.64,0.4,3.4,0.96,4.14,4.19,0.12,2.37,52.6,88.0888,0.7721,3.8669,65,9.8,1641,8394.9,9.41E+12,4.40E+12,67.65,69.41,2.2,3.25,-45207,8.15E+12,130571,234.8,,174.1,115.91,0.94923764,0.6,2.44,3.28,3.25,1.76,1.34,2.18,0.12,759.633,9.5
2009-10-01,5.15,1.595,6.29,2.9,1936300,344.5271,0.096310119,216.177,220.731,148.584,915.317,132.689,7601.4803,84.13,105.04014,1.4821,0.12,1.48,0.37,3.39,0.95,4.16,4.19,0.07,2.33,44.5,87.6828,0.7375,3.8036,64.9,10,1664.3,8426.4,9.39E+12,4.45E+12,72.77,75.72,2.9,3.25,-176363,8.18E+12,131172,233.4,,175.2,116.93,0.99714116,0.44,2.44,3.32,3.27,1.91,1.5,2.32,0.07,853.942,9.5
2009-11-01,5.19,1.705,6.32,2.92,2024600,344.1797,0.070775337,216.33,220.384,147.938,918.242,134.173,7689.9701,85.27,133.00749,1.4908,0.12,1.28,0.31,3.4,0.8,4.24,4.31,0.05,2.23,42.3,87.3478,0.7162,3.8368,64.9,10.1,1683.1,8501.2,9.36E+12,4.47E+12,76.66,77.99,2.7,3.25,-120287,8.17E+12,131220,233.5,,177.4,116.76,1.06141004,0.14,2.6,3.35,3.28,2.12,1.75,2.49,0.05,761.865,9.4
2009-12-01,5.26,1.772,6.37,2.78,2026200,345.3212,-0.176119817,215.949,220.025,146.664,924.315,137.406,7757.6434,84.81,115.26261,1.4579,0.12,1.36,0.37,3.59,0.87,4.4,4.49,0.05,2.34,36.6,88.0883,0.712,3.8718,64.4,10.2,1724.4,8543.7,9.35E+12,4.50E+12,74.46,74.47,2.5,3.25,-91410,8.28E+12,130673,242.1,,178.1,115.64,0.84804056,0.12,2.72,3.54,3.47,2.23,1.91,2.55,0.05,1049.27,9.7
2010-01-01,5.26,1.789,6.25,2.52,1995000,330.997,0.341747357,216.687,220.086,145.003,921.235,139.174,7690.994,86.61,142.00355,1.4266,0.11,1.37,0.35,3.73,0.93,4.5,4.6,0.06,2.48,38.9,88.9571,0.6797,4.1012,64.6,10.7,1674.2,8464.4,9.33E+12,4.55E+12,76.17,78.33,2.8,3.25,-42634,8.23E+12,127804,240,,181.9,111.72,1.29792486,0.08,2.8,3.67,3.62,2.36,2.06,2.66,0.06,712.469,10.6
2010-02-01,5.35,1.872,6.34,2.65,2115200,318.8028,0.024920738,216.741,220.602,143.054,927.21,140.218,7691.9517,86.51,136.73906,1.368,0.13,1.42,0.35,3.69,0.86,4.48,4.62,0.11,2.36,40.7,89.0055,0.6617,4.1068,64.6,10.9,1685.2,8508.4,9.33E+12,4.57E+12,73.75,76.39,2.7,3.25,-220909,8.21E+12,128240,252.8,,181,108.68,1.12451541,0.06,2.83,3.58,3.56,2.27,1.94,2.6,0.11,793.362,10.4
2010-03-01,5.27,1.822,6.27,2.54,2079600,385.9465,0.410628354,217.631,221.059,143.597,932.535,140.797,7710.6868,88.71,137.8383,1.357,0.16,1.51,0.4,3.73,0.96,4.49,4.64,0.15,2.43,54.7,90.0797,0.645,3.9852,64.8,10.7,1729.5,8576.6,9.33E+12,4.58E+12,78.83,81.2,2.7,3.25,-65387,8.21E+12,129073,248.7,,183.3,108.56,0.99873153,0,2.77,3.58,3.57,2.22,1.87,2.57,0.15,1083.953,10.2
2010-04-01,5.29,1.779,6.25,2.4,2014400,639.6123,0.173688491,218.009,221.166,145.403,935.054,141.315,7709.9586,90.47,152.78447,1.3417,0.2,1.5,0.45,3.85,1.06,4.53,4.69,0.16,2.58,62,89.1034,0.6447,4.1533,64.9,10.5,1716,8601.8,9.38E+12,4.63E+12,84.82,84.29,2.9,3.25,-82689,8.27E+12,130195,263.9,,184.4,107.04,1.3091053,0,2.79,3.69,3.65,2.35,1.96,2.74,0.16,997.334,9.5
2010-05-01,4.96,1.523,6.05,2.63,2012300,632.7807,0.077519735,218.178,221.193,147.039,937.474,142.537,7662.9083,90.99,203.30524,1.2563,0.2,1.31,0.37,3.42,0.83,4.11,4.29,0.16,2.18,56.2,90.861,0.6865,3.6821,64.8,10.2,1708.2,8584.2,9.39E+12,4.65E+12,75.95,73.74,3.2,3.25,-135927,8.30E+12,131313,254,,184.8,103.65,1.22638786,0,2.59,3.26,3.22,2.11,1.77,2.45,0.16,1117.57,9.3
2010-06-01,4.88,1.494,6.23,3.03,2002400,627.9032,-0.097626708,217.965,221.265,147.704,941.363,144.399,7672.6201,90.65,171.40265,1.2223,0.18,1.26,0.32,3.2,0.72,3.95,4.13,0.12,2,53.8,93.6368,0.7276,3.6894,65.1,9.9,1732.3,8606.4,9.23E+12,4.67E+12,74.76,75.34,2.8,3.25,-68422,8.33E+12,131431,247.6,,183.5,101.78,1.01936098,0.5,2.48,3.08,3.02,1.94,1.66,2.22,0.12,1000.455,9.6
2010-07-01,4.72,1.441,6.01,3,1994300,623.1436,0.021104306,218.011,221.258,147.564,944.765,146.379,7684.5508,90.71,186.55523,1.2811,0.18,1.24,0.29,3.01,0.62,3.8,3.99,0.16,1.76,51.5,92.064,0.8488,3.6136,65.3,9.9,1718.4,8576.9,9.23E+12,4.68E+12,75.58,76.32,2.7,3.25,-165043,8.34E+12,130094,251.7,,184.1,103.39,0.84675907,0.28,2.39,2.85,2.83,1.77,1.42,2.12,0.16,1065.748,9.7
2010-08-01,4.49,1.519,5.66,2.96,1993700,621.7768,0.138066428,218.312,221.551,146.428,946.088,147.909,7731.5264,90.58,172.81606,1.2903,0.19,1.02,0.26,2.7,0.52,3.52,3.8,0.16,1.47,56.3,94.6572,0.8955,3.437,65,9.8,1739.6,8607.7,9.26E+12,4.69E+12,77.04,76.6,2.7,3.25,-90526,8.34E+12,130158,250,,184.9,103.02,0.65616389,0.16,2.18,2.54,2.51,1.68,1.34,2.02,0.16,1011.564,9.5
2010-09-01,4.53,1.753,5.66,3.01,1961200,617.4571,0.058173623,218.439,221.907,144.61,951.33,146.065,7775.1072,90.84,161.69015,1.3103,0.19,0.91,0.26,2.65,0.48,3.47,3.77,0.15,1.41,53,93.5644,0.8805,3.4933,64.6,10,1741.4,8649.5,9.27E+12,4.68E+12,77.84,75.24,2.2,3.25,-34607,8.34E+12,130650,249.2,,184.9,103.31,0.57706775,0.22,2.17,2.5,2.46,1.74,1.28,2.2,0.15,973.954,9.2
2010-10-01,4.68,1.456,5.72,3.18,1961700,609.6052,0.124519889,218.711,222.079,143.132,960.369,144.04,7842.3096,91.37,186.14112,1.3901,0.19,0.53,0.23,2.54,0.38,3.52,3.87,0.13,1.18,45.4,92.6289,0.9977,3.3306,64.4,10.3,1767.4,8710.4,9.27E+12,4.68E+12,82.67,81.89,2.7,3.25,-140432,8.38E+12,131624,254.1,,186.6,106.76,0.40880525,0.12,2.16,2.41,2.35,2.01,1.5,2.52,0.13,965.135,9
2010-11-01,4.87,1.675,5.92,3.16,1973100,608.5844,0.042064642,218.803,222.077,141.823,970.89,142.25,7910.5282,92.08,172.68817,1.3654,0.19,0.67,0.25,2.76,0.45,3.82,4.19,0.14,1.35,40.6,91.7514,1.042,3.7209,64.4,10.3,1828.7,8775.5,9.29E+12,4.69E+12,85.28,84.25,3,3.25,-150394,8.39E+12,131930,249.4,,187.7,105.26,0.33888956,0.14,2.31,2.62,2.57,2.09,1.56,2.62,0.14,888.085,9.3
2010-12-01,5.02,1.793,6.1,2.81,2017000,624.8999,0.171844079,219.179,221.795,140.632,979.39,142.454,7940.4642,94.19,183.07599,1.3221,0.18,1.04,0.29,3.29,0.62,4.17,4.42,0.14,1.93,33.8,93.1461,1.0217,4.0696,64.1,10.2,1871.4,8857.6,9.29E+12,4.71E+12,91.45,89.15,3,3.25,-78134,8.47E+12,131622,248,,189.7,103.24,0.62620927,0.06,2.67,3.15,3.11,2.25,1.72,2.78,0.14,1162.897,9.1
2011-01-01,5.04,1.806,6.09,2.7,2047900,617.3298,0.476323005,220.223,222.177,139.041,978.912,142.555,7912.8466,97,143.03174,1.3371,0.17,1.06,0.27,3.39,0.61,4.28,4.52,0.15,1.99,40.2,93.0578,1.0172,3.9391,63.9,10.6,1855.6,8850,9.32E+12,4.72E+12,96.52,89.17,3.4,3.25,-49796,8.44E+12,128760,253,,192.7,101.88,0.86397716,0.06,2.78,3.24,3.22,2.33,1.93,2.73,0.15,836.366,9.8
2011-02-01,5.22,1.708,6.15,2.57,2211600,602.0634,0.493136503,221.309,223.011,137.736,987.088,142.937,7933.1239,97.83,122.44579,1.3656,0.16,1.24,0.29,3.58,0.77,4.42,4.65,0.13,2.26,35.4,92.2802,1.0867,4.4787,63.9,10.6,1858.7,8887.1,9.33E+12,4.72E+12,103.72,88.58,3.4,3.25,-222507,8.42E+12,129576,259.7,,195.8,102.96,0.82968718,0.28,2.81,3.45,3.42,2.34,2.01,2.67,0.13,1007.082,9.5
2011-03-01,5.13,1.732,6.03,2.62,2395300,591.2047,0.975107203,223.467,223.69,137.789,1000.695,144.072,8009.5235,100.27,154.40152,1.402,0.14,0.96,0.26,3.41,0.7,4.27,4.51,0.1,2.11,49.9,93.909,1.1755,4.4907,64,10.5,1909.4,9000.6,9.34E+12,4.73E+12,114.64,102.86,4.6,3.25,-188154,8.44E+12,130482,264.7,,199.2,105.6,0.87385088,0.1,2.71,3.31,3.27,2.45,2.2,2.7,0.1,1276.843,9.2
2011-04-01,5.16,1.727,6.02,2.56,2496600,589.7425,0.643942954,224.906,224.118,139.159,1009.366,145.968,8089.4548,101.73,145.50861,1.446,0.1,0.86,0.25,3.46,0.73,4.28,4.5,0.06,2.17,49,92.1089,1.3212,4.6606,63.9,10,1918,9055.6,9.35E+12,4.71E+12,123.26,109.53,4.6,3.25,-40387,8.48E+12,131698,271,,203.1,107.31,0.97750283,0.32,2.73,3.4,3.36,2.6,2.31,2.89,0.06,1173.52,8.7
2011-05-01,4.96,1.692,5.78,2.61,2567200,590.0426,0.470418753,225.964,224.534,140.693,1016.664,148.361,8137.9926,101.09,134.21508,1.4335,0.09,0.78,0.19,3.17,0.56,4.01,4.29,0.04,1.84,54,92.824,1.4251,4.3691,64.1,10,1934.2,9025.6,9.37E+12,4.71E+12,114.99,100.9,4.1,3.25,-57641,8.49E+12,132382,282.6,,204.1,106.15,0.71147484,0.22,2.61,3.13,3.08,2.39,2.18,2.6,0.04,1081.272,8.7
2011-06-01,4.99,1.683,5.75,2.75,2648500,596.3572,-0.107096706,225.722,224.891,141.944,1023.527,151.776,8173.3797,100.57,168.29589,1.4403,0.09,0.76,0.18,3,0.41,3.91,4.23,0.04,1.58,60.5,95.6271,1.4886,4.3783,64.5,9.8,1954.1,9113.9,9.38E+12,4.72E+12,113.83,96.26,3.8,3.25,-43080,8.52E+12,132871,281.9,,203.9,106.37,0.49226699,0.02,2.59,2.96,2.91,2.24,1.96,2.52,0.04,1071.229,9.3
2011-07-01,4.93,1.647,5.76,2.76,2684800,597.392,0.088604567,225.922,225.164,142.342,1029.57,154.184,8243.7083,101.42,183.40234,1.4275,0.07,0.62,0.19,3,0.41,3.95,4.27,0.04,1.54,57.6,94.5853,1.5976,4.6034,64.6,9.8,1994.5,9266.6,9.39E+12,4.73E+12,116.97,97.3,3.4,3.25,-129376,8.52E+12,131599,280.5,,204.6,104.73,0.57395235,0.06,2.59,2.96,2.93,2.38,2.03,2.73,0.04,1086.064,9.3
2011-08-01,4.37,1.711,5.36,3.06,2657700,600.5479,0.27575889,226.545,225.874,141.785,1033.04,155.823,8310.205,101.24,230.29894,1.4333,0.1,0.14,0.11,2.3,0.23,3.24,3.65,0.02,1.02,54.5,97.007,1.5521,4.2081,64.3,9.9,2101.9,9461.8,9.46E+12,4.76E+12,110.22,86.33,3.5,3.25,-134143,8.53E+12,131870,276.6,,203.2,105.15,0.39497491,0.06,2.07,2.28,2.2,2.16,1.77,2.55,0.02,1094.479,9.1
2011-09-01,4.09,1.947,5.27,3.29,2637700,601.0369,0.151846212,226.889,226.289,140.169,1038.738,153.586,8359.1685,102.14,280.05813,1.3747,0.08,0.08,0.1,1.98,0.21,2.83,3.18,0.01,0.9,58.8,95.9406,1.5365,4.038,64.2,10.1,2099.1,9500.3,9.49E+12,4.77E+12,112.83,85.52,3.3,3.25,-62750,8.57E+12,132617,279.2,,203.7,104.72,0.21493888,0.08,1.77,1.97,1.9,1.9,1.62,2.18,0.01,1076.037,8.8
2011-10-01,3.98,1.871,5.37,3.22,2637800,599.5067,-0.206268263,226.421,226.743,138.411,1042.129,151.494,8379.3915,102.74,241.75185,1.3732,0.07,0.19,0.11,2.15,0.28,2.87,3.13,0.02,1.06,53.2,95.7063,1.5759,4.0786,64.1,10.5,2128.1,9550.1,9.46E+12,4.78E+12,109.55,86.32,3.2,3.25,-98466,8.56E+12,133540,273.7,,201.1,105.28,0.09856249,0,1.87,2.13,2.08,1.96,1.69,2.23,0.02,1048.258,8.5
2011-11-01,3.87,1.836,5.14,3.13,2605400,602.3722,-0.084356133,226.23,226.859,136.667,1055.231,149.23,8427.3754,103.4,304.60022,1.3558,0.08,0,0.11,2.01,0.25,2.72,3.02,0.01,0.91,53,95.0555,1.4847,4.3943,63.9,10.8,2164.4,9633.1,9.48E+12,4.79E+12,110.77,97.16,3.2,3.25,-137302,8.57E+12,133876,276,,201.4,104.75,0.13706953,0.08,1.76,2,1.93,2.01,1.76,2.26,0.01,1028.774,8.2
2011-12-01,3.93,1.874,5.25,3.27,2619600,619.8154,-0.246651638,225.672,226.74,135.169,1066.406,148.14,8506.975,103.32,228.87159,1.3155,0.07,-0.03,0.12,1.98,0.26,2.67,2.98,0.01,0.89,42.7,95.9401,1.4261,4.0932,63.8,10.9,2208.1,9729.2,9.50E+12,4.80E+12,107.87,98.56,3.1,3.25,-85967,8.67E+12,133701,271.1,,199.8,103.2,0.14446831,0,1.72,1.97,1.91,2.01,1.67,2.35,0.01,1268.462,8.3
2012-01-01,3.85,1.939,5.23,3.26,2640800,613.8964,0.440019143,226.665,227.237,134.168,1069.691,147.143,8510.3525,105.96,216.73445,1.291,0.08,-0.11,0.12,1.97,0.24,2.7,3.03,0.03,0.84,47.2,96.3478,1.2222,3.906,63.4,11.4,2209.2,9761.9,9.51E+12,4.82E+12,110.69,100.27,3.3,3.25,-27407,8.64E+12,131094,275.9,,200.7,99.71,0.14610051,0,1.73,1.94,1.89,2.08,1.76,2.4,0.03,938.17,8.8
2012-02-01,3.85,1.798,5.14,3.17,2694400,599.416,0.440297355,227.663,227.865,133.996,1080.197,147.011,8557.84,107.18,193.44436,1.3238,0.1,-0.25,0.16,1.97,0.28,2.75,3.11,0.09,0.83,49.7,96.5849,1.0483,3.7461,63.6,11.6,2194.5,9787,9.54E+12,4.83E+12,119.33,102.2,3.3,3.25,-231677,8.65E+12,132050,279.6,,201.6,100.25,0.02185103,0.02,1.69,1.88,1.87,2.22,1.94,2.5,0.09,1175.82,8.7
2012-03-01,3.99,1.774,5.23,3.06,2655200,590.3827,0.759455862,229.392,228.735,135.864,1095.166,148.677,8630.6865,108.86,177.49269,1.3208,0.13,-0.14,0.19,2.17,0.34,2.94,3.28,0.08,1.02,58,96.6736,0.8585,3.2821,63.6,11.6,2246,9903.1,9.61E+12,4.86E+12,125.45,106.16,3.9,3.25,-198157,8.72E+12,132954,283.4,,204.2,101.42,0.16923691,0.34,1.83,2.09,2.04,2.31,2.05,2.57,0.08,1434.004,8.4
2012-04-01,3.96,1.829,5.19,3.14,2639800,592.6399,0.30210295,230.085,229.303,138.471,1099.978,151.087,8661.5161,110.03,216.99586,1.316,0.14,-0.21,0.18,2.05,0.29,2.82,3.18,0.08,0.89,66.8,95.827,0.7443,3.3809,63.4,11.4,2268.6,9948.9,9.58E+12,4.83E+12,119.75,103.32,3.2,3.25,59117,8.72E+12,133836,283.9,,203.7,101.42,0.19464573,0.08,1.76,1.97,1.91,2.26,1.95,2.57,0.08,1204.471,7.7
2012-05-01,3.8,1.691,5.07,3.27,2616500,602.2282,-0.117347937,229.815,229.602,141.048,1103.669,153.565,8625.5622,108.5,234.75578,1.2806,0.16,-0.34,0.19,1.8,0.29,2.53,2.93,0.09,0.76,67.8,96.604,0.6849,3.527,63.8,11.3,2248.4,9882.9,9.63E+12,4.88E+12,110.34,94.66,3,3.25,-124636,8.75E+12,134648,283.1,,201.9,100.16,-0.08722198,0.1,1.51,1.71,1.64,2.14,1.88,2.4,0.09,1369.493,7.9
2012-06-01,3.64,1.67,5.02,3.4,2618800,605.4895,-0.146639688,229.478,229.879,143.17,1108.545,155.306,8706.5682,106.7,244.50211,1.2541,0.16,-0.5,0.19,1.62,0.29,2.31,2.7,0.09,0.71,74.7,99.0599,0.6589,3.4056,64.3,11.1,2271,9960.8,9.65E+12,4.91E+12,95.16,82.3,3.1,3.25,-59741,8.81E+12,134986,280.3,,199.8,99.63,-0.04815105,0.16,1.33,1.53,1.46,2.12,1.76,2.48,0.09,1310.158,8.4
2012-07-01,3.4,1.648,4.87,3.34,2647800,603.6597,-0.162978586,229.104,229.893,144.284,1113.756,155.815,8771.0535,107.61,206.98157,1.2278,0.16,-0.6,0.19,1.53,0.25,2.22,2.59,0.1,0.62,69.2,97.6008,0.497,3.2481,64.3,11.1,2314.6,10005.9,9.71E+12,4.97E+12,102.62,87.9,3,3.25,-69604,8.83E+12,133778,277,,200.1,97.12,-0.05482603,0.18,1.28,1.43,1.37,2.13,1.77,2.49,0.1,1171.809,8.6
2012-08-01,3.48,1.884,4.91,3.23,2650700,608.4461,0.556515818,230.379,230.196,144.707,1115.866,154.851,8834.7967,110.2,150.67718,1.2406,0.13,-0.59,0.18,1.68,0.27,2.4,2.77,0.1,0.71,69,99.2481,0.3324,3.0094,63.7,11.1,2334.6,10069,9.70E+12,5.00E+12,113.36,94.13,3.6,3.25,-190533,8.83E+12,134156,277.5,,202.7,97.12,-0.06008478,0.14,1.41,1.58,1.55,2.27,1.9,2.64,0.1,1305.342,8.2
2012-09-01,3.49,1.889,4.84,3.12,2594900,608.1452,0.446221227,231.407,230.78,144.359,1126.389,151.118,8907.613,111.41,209.91195,1.2885,0.14,-0.71,0.18,1.72,0.26,2.49,2.88,0.11,0.67,75.8,98.2294,0.2463,2.4178,63.6,11.4,2358,10165.2,9.71E+12,5.03E+12,112.86,94.51,3.3,3.25,75180,8.87E+12,134783,274,,204.4,99.58,-0.16925714,0.02,1.46,1.61,1.58,2.43,2.14,2.72,0.11,1206.182,7.6
2012-10-01,3.47,1.96,4.58,2.83,2611800,606.2421,-0.038892514,231.317,231.276,143.969,1134.623,148.293,8994.1599,110.9,219.08266,1.2974,0.16,-0.75,0.18,1.75,0.28,2.51,2.9,0.1,0.71,77,97.3774,0.2079,2.3055,63.8,11.9,2416.2,10245.8,9.78E+12,5.07E+12,111.71,89.49,3.1,3.25,-119995,8.93E+12,135633,276.9,,203.5,100.11,-0.09317224,0.06,1.47,1.65,1.59,2.5,2.18,2.82,0.1,1119.148,7.5
2012-11-01,3.5,1.963,4.51,2.86,2646800,609.7139,-0.473808669,230.221,231.263,143.961,1149.019,145.862,9141.7762,109.3,233.5614,1.2837,0.16,-0.77,0.18,1.65,0.27,2.39,2.8,0.09,0.67,62.2,97.3133,0.192,2.2467,63.5,12.1,2415.2,10343,9.78E+12,5.10E+12,109.06,86.53,3.1,3.25,-172112,8.96E+12,136023,276.9,,201.8,99.41,-0.00573705,0,1.38,1.56,1.49,2.42,2.05,2.79,0.09,1169.803,7.4
2012-12-01,3.65,2.007,4.63,2.91,2675900,625.7144,-0.269306449,229.601,231.033,143.868,1156.695,145.234,9335.4685,108.71,215.66849,1.3119,0.16,-0.76,0.16,1.72,0.26,2.47,2.88,0.07,0.7,63.2,97.7875,0.1855,2.099,63.4,12,2509.7,10531.4,9.79E+12,5.10E+12,109.49,87.86,3.2,3.25,-1191,9.04E+12,135947,276.3,,201.5,100.98,-0.17237745,0.12,1.46,1.65,1.56,2.48,2.1,2.86,0.07,1375.084,7.6
2013-01-01,3.8,1.933,4.73,2.82,2741700,620.587,0.295730419,230.28,231.612,144.312,1160.082,145.26,9274.2165,110.08,239.81543,1.3304,0.14,-0.61,0.15,1.91,0.27,2.68,3.08,0.07,0.81,58.7,97.8708,0.2049,2.393,63.3,12.8,2481.3,10506.6,9.77E+12,5.10E+12,112.96,94.76,3.3,3.25,2886,9.02E+12,133063,283.1,,202.5,101.02,0.08440142,0.08,1.64,1.84,1.77,2.52,2.2,2.84,0.07,1065.798,8.5
2013-02-01,3.9,1.965,4.85,2.87,2845300,608.7169,0.819002953,232.166,232.432,145.161,1164.584,146.718,9268.2955,111.35,194.1661,1.3347,0.15,-0.57,0.16,1.98,0.27,2.78,3.17,0.1,0.85,66.1,98.1574,0.2234,2.8582,63.2,12.9,2455.7,10480,9.78E+12,5.14E+12,116.05,95.31,3.3,3.25,-203539,9.05E+12,134102,287.7,,204.3,101.81,0.17210018,0.06,1.71,1.88,1.83,2.55,2.24,2.86,0.1,1217.858,8.1
2013-03-01,3.93,1.925,4.85,2.89,2935000,600.5852,0.261450858,232.773,233.052,147.96,1174.354,148.753,9359.7983,110.65,245.34693,1.2953,0.14,-0.59,0.15,1.96,0.26,2.78,3.16,0.09,0.82,83.3,98.8083,0.2061,3.0276,63.1,12.6,2497.2,10626.9,9.80E+12,5.17E+12,108.47,92.94,3.2,3.25,-106530,9.08E+12,134901,290.9,,204,101.38,0.05034072,0.12,1.7,1.87,1.82,2.55,2.25,2.85,0.09,1479.427,7.6
2013-04-01,3.73,1.918,4.59,2.83,3011700,603.2552,-0.103963948,232.531,233.236,150.968,1178.421,150.16,9383.4536,109.56,205.62408,1.3025,0.15,-0.65,0.12,1.76,0.23,2.55,2.93,0.06,0.71,76.3,97.8565,0.2089,2.8552,63.1,12.3,2542.3,10655.8,9.82E+12,5.22E+12,102.25,92.02,3.1,3.25,112889,9.10E+12,135905,289.4,,203.5,101.39,-0.02421188,0.06,1.53,1.7,1.61,2.41,2.09,2.73,0.06,1313.768,7.1
2013-05-01,3.89,1.87,4.73,2.8,3116900,606.8158,0.178040777,232.945,233.462,153.859,1185.026,151.099,9336.6748,108.23,139.13821,1.2983,0.11,-0.36,0.12,1.93,0.25,2.73,3.11,0.04,0.84,87.2,98.0694,0.2012,2.6856,63.5,12.1,2518.5,10578.7,9.84E+12,5.24E+12,102.56,94.51,3.1,3.25,-138732,9.13E+12,136797,287.1,,204.1,101.64,-0.01939123,0.04,1.68,1.89,1.82,2.29,1.98,2.6,0.04,1473.275,7.3
2013-06-01,4.27,1.859,5.19,2.89,3201500,611.4872,0.239970809,233.504,233.64,156.428,1189.693,151.76,9392.5268,108.35,177.53464,1.3197,0.09,0.25,0.14,2.3,0.33,3.07,3.4,0.05,1.2,80.7,100.7508,0.2103,3.0709,64,11.8,2523.5,10643.3,9.82E+12,5.24E+12,102.92,95.77,3,3.25,116501,9.13E+12,137209,288.1,,204.3,103.52,0.22769375,0.16,1.97,2.25,2.21,2.05,1.79,2.31,0.05,1425.802,7.8
2013-07-01,4.34,1.833,5.32,2.74,3290900,608.4707,0.039399753,233.596,233.792,158.289,1196.581,152.554,9458.6816,109.26,166.71268,1.3088,0.09,0.46,0.12,2.58,0.34,3.31,3.61,0.04,1.4,84,98.9001,0.2214,3.1011,64,11.7,2543.7,10682.3,9.83E+12,5.27E+12,107.93,104.67,3.1,3.25,-97597,9.16E+12,136034,287.1,,204.4,102.82,0.54638104,0.14,2.24,2.54,2.49,2.12,1.85,2.39,0.04,1335.833,7.7
2013-08-01,4.54,1.838,5.42,2.68,3398900,612.1717,0.120293156,233.877,234.258,159.397,1198.798,153.252,9497.2843,109.8,146.03975,1.3314,0.08,0.55,0.13,2.74,0.36,3.49,3.76,0.04,1.52,80.4,101.5454,0.2259,3.0967,63.4,11.6,2537.4,10738,9.87E+12,5.31E+12,111.28,106.57,3,3.25,-147905,9.19E+12,136471,288.2,,204.2,104.08,0.47506869,0,2.38,2.7,2.66,2.19,1.85,2.53,0.04,1527.483,7.3
2013-09-01,4.64,1.897,5.47,2.66,3486900,612.6511,0.116300449,234.149,234.782,159.675,1206.327,151.75,9578.6073,110.33,179.70527,1.3364,0.08,0.66,0.12,2.81,0.4,3.53,3.79,0.02,1.6,78.4,100.9664,0.2232,3.407,63.2,11.9,2555.8,10805.9,9.87E+12,5.35E+12,111.6,106.29,3.3,3.25,75114,9.18E+12,137077,288.8,,203.9,104.18,0.54083451,0.02,2.41,2.79,2.73,2.15,1.77,2.53,0.02,1152.814,7
2013-10-01,4.53,1.925,5.31,2.69,3589500,612.2238,-0.257528326,233.546,235.162,159.557,1213.425,150.413,9679.6171,108.96,210.52538,1.3646,0.09,0.43,0.12,2.62,0.34,3.38,3.68,0.05,1.37,78.4,99.8313,0.2258,3.1626,62.9,12.1,2618.4,10933,9.88E+12,5.38E+12,109.08,100.54,3,3.25,-90586,9.22E+12,138001,289.2,,202.5,104.77,0.49296942,0.1,2.28,2.57,2.53,2.19,1.78,2.6,0.05,1235.532,7
2013-11-01,4.63,1.925,5.38,2.66,3684600,607.1451,-0.204242419,233.069,235.243,159.363,1220.844,148.74,9746.4779,108.1,156.70507,1.3491,0.08,0.55,0.12,2.72,0.3,3.5,3.8,0.07,1.37,83.8,99.577,0.2234,3.1712,62.9,12.2,2607.2,10977.2,9.89E+12,5.40E+12,107.79,93.86,2.9,3.25,-135226,9.24E+12,138525,291.3,,201.2,104.6,0.48963774,0,2.42,2.65,2.64,2.17,1.75,2.59,0.07,1271.446,6.6
2013-12-01,4.62,2.026,5.38,2.48,3717500,619.1834,-0.00858115,233.049,235,159.28,1230.286,148.183,9885.2427,108.7,157.99862,1.3708,0.09,0.74,0.13,2.9,0.34,3.63,3.89,0.07,1.58,67.6,99.8212,0.2735,3.3132,62.6,11.9,2715.7,11104.3,9.84E+12,5.39E+12,110.76,97.63,3,3.25,53220,9.21E+12,138274,291.5,,202,106.31,0.41829993,0.12,2.56,2.83,2.81,2.16,1.67,2.65,0.07,1383.676,6.5
2014-01-01,4.49,2.008,5.19,2.33,3728500,613.5891,0.372024767,233.916,235.367,159.369,1231.631,147.386,9882.9008,108.69,154.50244,1.3618,0.07,0.63,0.12,2.86,0.39,3.52,3.77,0.04,1.65,60.7,99.7508,0.292,3.2124,62.5,12.6,2701.7,11101.6,9.87E+12,5.42E+12,108.12,94.62,3.1,3.25,-10250,9.24E+12,135471,294.7,,203.8,104.88,0.68063671,0.2,2.47,2.82,2.79,2.23,1.74,2.72,0.04,1043.019,7
2014-02-01,4.45,1.998,5.1,2.39,3833400,602.2401,0.369790865,234.781,236.075,159.872,1237.534,147.616,9936.6186,108.75,148.43662,1.3665,0.07,0.55,0.12,2.71,0.33,3.38,3.66,0.05,1.52,65.1,100.3808,0.2881,3.0887,62.7,12.6,2706.2,11153.4,9.89E+12,5.45E+12,108.9,100.82,3.2,3.25,-193532,9.27E+12,136211,297.8,,205.7,105.15,0.50867731,0,2.38,2.66,2.64,2.16,1.78,2.54,0.05,1221.37,7
2014-03-01,4.38,2.061,5.06,2.34,3885900,592.3108,0.644004413,236.293,236.913,161.189,1261.586,148.92,10036.2768,108.37,156.84341,1.3828,0.08,0.56,0.13,2.72,0.4,3.35,3.62,0.05,1.64,80.2,101.8484,0.3053,2.8865,62.9,12.3,2773.3,11278.4,9.89E+12,5.48E+12,107.48,100.8,3.2,3.25,-36895,9.28E+12,137169,300,,207,107.07,0.58045318,0,2.32,2.67,2.64,2.16,1.78,2.54,0.05,1562.748,6.8
2014-04-01,4.24,2.119,4.9,2.19,3930700,597.6436,0.329675445,237.072,237.509,162.97,1270.128,150.496,10108.7927,108.28,116.48549,1.381,0.09,0.54,0.11,2.71,0.42,3.27,3.52,0.03,1.7,94.9,100.4255,0.3297,2.6103,62.6,11.9,2809.6,11331.6,9.88E+12,5.48E+12,107.76,102.07,3.2,3.25,106853,9.29E+12,138306,301.1,,208.3,106.58,0.7022221,0.12,2.29,2.68,2.62,2.17,1.81,2.53,0.03,1408.232,5.9
2014-05-01,4.16,1.996,4.76,2.2,3911500,603.2469,0.349260984,237.9,238.029,164.685,1275.948,151.441,10088.608,108.2,146.29191,1.3739,0.09,0.37,0.1,2.56,0.39,3.12,3.39,0.03,1.59,92.5,101.2912,0.3246,2.555,62.9,11.6,2782.2,11274.8,9.94E+12,5.52E+12,109.54,102.18,3.3,3.25,-129971,9.33E+12,139217,300.5,,208,105.48,0.62685415,0.02,2.17,2.53,2.47,2.19,1.93,2.45,0.03,1644.367,6.1
2014-06-01,4.25,1.948,4.8,2.2,3948700,607.7505,0.186212694,238.343,238.157,166.215,1279.375,151.978,10128.1659,108.44,111.7961,1.3595,0.1,0.37,0.1,2.6,0.45,3.15,3.42,0.04,1.68,87.3,104.1438,0.2414,2.2757,63.4,11.2,2824.8,11336.8,9.97E+12,5.54E+12,111.8,105.79,3.1,3.25,70519,9.36E+12,139804,298.2,,208.3,104.64,0.62452944,0.04,2.15,2.56,2.5,2.23,1.97,2.49,0.04,1451.814,6.3
2014-07-01,4.16,1.95,4.73,2.19,3989100,609.8413,-0.039019396,238.25,238.138,167.139,1284.825,152.857,10191.8306,108.18,119.93393,1.3533,0.09,0.28,0.11,2.54,0.51,3.07,3.33,0.03,1.7,101,102.377,0.205,2.1583,63.5,11.1,2841.2,11391.8,1.00E+13,5.58E+12,106.77,103.59,3.3,3.25,-94621,9.39E+12,138727,300.2,,208,103.44,0.59099495,0.02,2.03,2.51,2.45,2.26,1.97,2.55,0.03,1473.962,6.5
2014-08-01,4.08,1.979,4.69,2.27,4075000,615.5863,-0.167051417,237.852,238.296,167.454,1287.503,153.277,10196.1422,107.58,133.31537,1.3315,0.09,0.22,0.11,2.42,0.47,2.94,3.2,0.03,1.63,86.2,104.8088,0.1916,1.9899,63,11.1,2790.2,11422.7,1.01E+13,5.63E+12,101.61,96.54,3.2,3.25,-128677,9.44E+12,139105,302.8,,207,102.84,0.6494057,0.16,1.95,2.39,2.33,2.2,1.84,2.56,0.03,1607.315,6.3
2014-09-01,4.11,1.97,4.8,2.27,4049200,618.1951,0.075256882,238.031,238.841,167.244,1290.772,151.153,10307.7478,107.74,190.21558,1.2889,0.09,0.46,0.11,2.53,0.57,3.01,3.26,0.02,1.77,94.2,103.948,0.0971,1.8485,62.8,11.4,2834.6,11470.6,1.01E+13,5.68E+12,97.09,93.21,3,3.25,105803,9.48E+12,139793,305,,206.4,101.49,0.58085993,0.04,1.96,2.51,2.44,2.07,1.67,2.47,0.02,1272.036,5.7
2014-10-01,3.92,1.951,4.69,2.39,4001500,617.2216,-0.251227781,237.433,239.413,166.913,1294.037,147.893,10277.8644,106.79,150.03065,1.2677,0.09,0.38,0.1,2.3,0.45,2.77,3.04,0.02,1.55,92,102.9014,0.0826,1.6899,63,11.7,2865,11538.6,1.01E+13,5.72E+12,87.43,84.4,2.9,3.25,-121713,9.50E+12,140848,307.1,,203.4,100.73,0.7009647,0.04,1.85,2.28,2.21,1.92,1.49,2.35,0.02,1312.329,5.5
2014-11-01,3.92,2.032,4.79,2.46,3830400,623.4038,-0.539941794,236.151,239.248,166.66,1309.492,144.151,10402.1843,105.33,152.42489,1.2473,0.09,0.45,0.13,2.33,0.53,2.76,3.04,0.02,1.62,75.8,103.0942,0.0809,1.6171,62.8,11.9,2861.1,11615,1.02E+13,5.79E+12,79.44,75.79,2.8,3.25,-56818,9.57E+12,141314,303.2,,200.9,100.64,0.71330026,0.02,1.8,2.31,2.24,1.88,1.48,2.28,0.02,1324.117,5.5
2014-12-01,3.79,2.21,4.74,2.53,3934500,643.8265,-0.567010091,234.812,238.775,166.462,1326.698,141.957,10549.6644,101.85,176.02395,1.2329,0.12,0.51,0.21,2.21,0.64,2.55,2.83,0.03,1.64,73.4,102.9787,0.0809,1.4475,62.5,11.4,2992,11760,1.03E+13,5.94E+12,62.34,59.29,2.8,3.25,1864,9.67E+12,141306,295.7,,197,101.26,0.38472537,0.14,1.57,2.18,2.09,1.7,1.27,2.13,0.03,1538.534,5.4
2015-01-01,3.46,2.113,4.45,2.57,4017100,639.668,-0.470589237,233.707,239.248,166.252,1333.447,141.461,10533.3312,98.62,168.98523,1.1615,0.11,0.27,0.2,1.88,0.55,2.2,2.46,0.03,1.37,73,102.4003,0.0627,1.2678,62.5,11.8,2941.1,11759,1.04E+13,6.04E+12,47.76,47.22,2.5,3.25,-14996,9.75E+12,138491,285.4,,192,96.21,0.7099428,1.38,1.33,1.85,1.77,1.61,1.2,2.02,0.03,1178.448,6.1
2015-02-01,3.61,2.088,4.51,2.53,3840500,626.2014,0.434304492,234.722,240.083,166.633,1341.256,143.39,10629.4899,100.17,155.09365,1.135,0.11,0.26,0.22,1.98,0.62,2.34,2.57,0.02,1.47,61.9,101.9733,0.0482,1.2107,62.5,11.9,2979.6,11847.1,1.04E+13,6.09E+12,58.1,50.58,2.8,3.25,-192359,9.76E+12,139323,280.8,,191.1,94.52,0.53838038,1.76,1.36,1.96,1.87,1.72,1.36,2.08,0.02,1285.772,5.8
2015-03-01,3.64,2.133,4.54,2.5,4030600,615.005,0.595172161,236.119,241.067,168.09,1354.764,147.023,10724.8123,101.91,131.74544,1.0819,0.11,0.28,0.25,2.04,0.64,2.41,2.63,0.03,1.52,79.7,101.93,0.0272,0.952,62.5,11.7,3023.9,11956.7,1.05E+13,6.15E+12,55.89,47.82,3,3.25,-52910.05993,9.81E+12,140080,274,,191.5,92.58,0.75170542,1.36,1.4,2.01,1.93,1.76,1.48,2.04,0.03,1580.393,5.6
2015-04-01,3.52,2.065,4.48,2.54,4059400,622.819,0.203287325,236.599,241.802,169.97,1359.926,149.788,10701.6004,102.01,147.32096,1.0822,0.12,0.08,0.23,1.94,0.54,2.33,2.59,0.02,1.35,108.5,99.6549,0.0047,0.8509,62.6,11.3,3035.4,12004.7,1.05E+13,6.20E+12,59.52,54.45,2.6,3.25,156714.0784,9.86E+12,141264,273.2,,190.9,91.81,0.41032252,0.98,1.4,1.92,1.82,1.86,1.61,2.11,0.02,1480.427,5.1
2015-05-01,3.98,1.962,4.89,2.69,3949400,627.4007,0.509723203,237.805,242.119,171.85,1364.57,150.713,10656.5628,102.96,165.58477,1.1167,0.12,0.33,0.24,2.2,0.61,2.69,2.96,0.02,1.54,99.6,99.8644,-0.0104,1.3326,63,11,2975.9,11907.9,1.06E+13,6.27E+12,64.08,59.27,2.8,3.25,-82385.27842,9.91E+12,142205,274.1,,193.4,93.79,0.53392144,0.96,1.59,2.18,2.08,1.87,1.64,2.1,0.02,1669.661,5.3
2015-06-01,4.19,2.57,5.13,2.77,3919600,633.4136,0.350287,238.638,242.354,173.451,1366.158,150.97,10708.3925,102.86,193.94799,1.1226,0.13,0.5,0.28,2.36,0.69,2.85,3.11,0.02,1.68,112.3,102.2761,-0.0139,1.6651,63.1,10.8,3020.7,11962.5,1.06E+13,6.32E+12,61.48,59.82,2.7,3.25,51775.764,9.95E+12,142681,275.6,,194.8,94.83,0.5537778,0.7,1.67,2.34,2.23,1.86,1.63,2.09,0.02,1519.734,5.5
2015-07-01,4.15,2.57,5.2,2.88,3961200,637.7116,0.006704716,238.654,242.436,174.497,1369.775,151.119,10756.125,102.14,184.48753,1.0997,0.13,0.5,0.3,2.32,0.67,2.77,3.07,0.03,1.63,107.2,101.0625,-0.0187,1.5286,63.2,10.4,3038.4,12012.9,1.07E+13,6.39E+12,56.56,50.9,2.8,3.25,-149186.7661,1.00E+13,141729,273.8,,193.9,93.3,0.6670749,0.38,1.65,2.29,2.19,1.82,1.49,2.15,0.03,1547.741,5.6
2015-08-01,4.04,2.943,5.19,3.02,3984000,645.1394,-0.141627628,238.316,242.651,174.939,1375.053,150.908,10813.8838,99.89,143.71116,1.1136,0.14,0.56,0.38,2.17,0.7,2.55,2.86,0.07,1.54,99.2,103.3018,-0.0277,1.3923,62.7,10.2,3022.3,12070.4,1.07E+13,6.43E+12,46.52,42.87,2.8,3.25,-64420.51991,1.00E+13,141921,270.7,,191.9,95.7,0.54830556,0.48,1.47,2.1,2.03,1.61,1.23,1.99,0.07,1599.332,5.2
2015-09-01,4.07,2.966,5.34,3.17,4028500,649.7098,-0.155675658,237.945,243.359,175.046,1383.872,148.52,10840.4156,98.2,194.46083,1.1229,0.14,0.65,0.37,2.17,0.71,2.62,2.95,0.02,1.49,111.6,101.0685,-0.037,1.4809,62.3,10.5,3016.3,12138.2,1.07E+13,6.46E+12,47.62,45.48,2.8,3.25,91060.53109,1.01E+13,142477,264.5,,189.1,97.21,0.51245991,0.72,1.46,2.15,2.03,1.52,1.16,1.88,0.02,1476.009,4.9
2015-10-01,3.95,2.808,5.34,3.27,4060500,652.0491,-0.044968375,237.838,243.985,175.052,1391.429,145.821,10899.4441,97.68,164.83114,1.1228,0.12,0.57,0.26,2.07,0.64,2.5,2.89,0.02,1.39,90.9,100.1005,-0.0536,1.2032,62.5,10.7,3011.9,12171.5,1.08E+13,6.53E+12,48.43,46.22,2.7,3.25,-136532.0848,1.01E+13,143626,261.4,,187.5,96.78,0.52877171,0.92,1.43,2.05,1.95,1.5,1.18,1.82,0.02,1487.551,4.8
2015-11-01,4.06,2.664,5.46,3.2,4006700,658.5533,-0.211068038,237.336,244.075,175.145,1402.991,143.247,10976.1668,97.67,164.40215,1.0727,0.12,0.69,0.48,2.26,0.88,2.69,3.03,0.13,1.67,89.9,98.7864,-0.0876,1.1532,62.5,10.8,3056.2,12297.9,1.08E+13,6.58E+12,44.27,42.44,2.7,3.25,-64552.91958,1.02E+13,144049,260.2,,185.7,93.58,0.6662057,1.3,1.38,2.13,2.14,1.57,1.27,1.87,0.12,1359.864,4.8
2015-12-01,3.97,2.751,5.46,3.22,3835800,681.5165,-0.341709644,236.525,243.779,175.119,1415.044,142.474,11003.2619,95.9,147.41888,1.0889,0.24,0.73,0.65,2.24,0.98,2.61,2.97,0.23,1.7,78.1,98.15,-0.1263,1.1933,62.4,10.6,3141.1,12427.3,1.08E+13,6.61E+12,38.01,37.19,2.6,3.37,-14443.94385,1.02E+13,144045,261.2,,183.5,95.37,0.64742223,1,1.26,2.01,2,1.51,1.24,1.78,0.23,1672.392,4.8
2016-01-01,4,2.328,5.45,3.36,3792700,679.3795,0.165310221,236.916,244.528,175.04,1417.331,142.668,10969.0438,93.3,209.74029,1.0855,0.34,0.67,0.54,2.09,0.9,2.49,2.86,0.26,1.52,74.3,99.0562,-0.1461,1.1129,62.3,10.8,3094,12478.4,1.09E+13,6.67E+12,30.7,31.68,2.5,3.5,55163.28851,1.03E+13,141072,256.7,,182.6,95.37,0.73450597,0.66,1.19,1.83,1.75,1.42,1.19,1.65,0.26,1189.3,5.3
2016-02-01,3.96,2.267,5.34,3.56,3872500,664.4358,0.082307653,237.111,245.68,175.285,1420.976,144.024,11022.3583,92.07,227.79281,1.1092,0.38,0.47,0.53,1.78,0.73,2.2,2.62,0.31,1.22,84.1,98.5183,-0.1836,1.0397,62.7,10.9,3096.6,12517.1,1.10E+13,6.73E+12,32.18,30.32,2.5,3.5,-192614.0017,1.03E+13,141901,255.4,,181.3,96.29,0.538738,0.74,1.05,1.47,1.4,1.31,1.08,1.54,0.31,1375,5.2
2016-03-01,3.82,2.081,5.13,3.24,3898400,657.593,0.430600014,238.132,246.358,176.604,1436.877,146.178,11140.8629,93.03,227.75331,1.1134,0.36,0.34,0.66,1.89,0.88,2.28,2.68,0.3,1.38,90.7,97.6405,-0.2285,0.9306,62.8,10.7,3179.8,12684.8,1.10E+13,6.76E+12,38.21,37.55,2.7,3.5,-108042.7307,1.03E+13,142797,254.3,,182.1,96.39,0.55140742,0.82,1.01,1.59,1.53,1.55,1.41,1.69,0.29,1615.066,5.1
2016-04-01,3.62,1.793,4.79,2.98,3872900,664.5971,0.474106798,239.261,246.992,178.497,1444.638,147.489,11178.1722,93.1,207.01125,1.1346,0.37,0.19,0.56,1.81,0.77,2.21,2.62,0.23,1.26,106.2,97.1874,-0.2492,0.9614,62.7,10.3,3234.5,12778.6,1.10E+13,6.80E+12,41.58,40.75,2.8,3.5,106451.8718,1.04E+13,143893,254,,183.2,97.03,0.34527268,0.48,1.04,1.58,1.44,1.62,1.48,1.76,0.23,1525.166,4.7
2016-05-01,3.65,1.684,4.68,2.87,3836500,669.7308,0.4045791,240.229,247.544,180.344,1450.998,147.223,11147.7003,94.64,198.46472,1.1312,0.37,0.21,0.59,1.81,0.82,2.22,2.63,0.28,1.3,105,97.1075,-0.2572,0.971,62.7,10.1,3234.8,12708.4,1.11E+13,6.85E+12,46.74,46.71,2.4,3.5,-52507.41284,1.04E+13,144540,257.2,,185.3,97.71,0.41364983,0.38,0.99,1.53,1.44,1.6,1.52,1.68,0.27,1553.604,4.5
2016-06-01,3.5,1.491,4.53,2.89,3825500,683.4181,0.328436617,241.018,247.794,181.916,1457.506,146.303,11226.3065,96.25,433.2775,1.1232,0.38,0.17,0.55,1.64,0.73,2.02,2.45,0.27,1.17,111.6,100.4165,-0.2679,0.883,63.2,9.9,3247,12789,1.11E+13,6.87E+12,48.25,48.76,2.6,3.5,6251.98744,1.05E+13,145205,260.1,,187.6,97.31,0.51909852,0.12,0.91,1.37,1.26,1.47,1.44,1.5,0.27,1549.801,5.1
2016-07-01,3.28,1.546,4.22,2.72,3772500,693.3512,-0.16181364,240.628,247.744,183.02,1463.677,145.457,11259.5406,95.29,424.37718,1.1055,0.39,0.04,0.51,1.5,0.67,1.82,2.23,0.3,1.07,115.2,98.6913,-0.2945,0.6209,63.4,9.7,3244.7,12850.1,1.12E+13,6.93E+12,44.95,44.65,2.7,3.5,-112815.2385,1.05E+13,144232,259.9,,187.7,96.53,0.16534694,0.12,0.83,1.2,1.11,1.46,1.39,1.53,0.3,1547.629,5.1
2016-08-01,3.32,1.455,4.24,2.68,3816700,699.7689,0.091843011,240.849,248.278,183.658,1464.341,144.858,11350.2528,94.29,213.36659,1.1207,0.4,0.09,0.57,1.56,0.74,1.89,2.26,0.3,1.13,102.8,100.909,-0.2982,0.6133,62.9,9.6,3319,12946.7,1.12E+13,6.97E+12,45.84,44.72,2.5,3.5,-107111.5757,1.05E+13,144485,259.5,,186.6,96.97,0.22683746,0.14,0.82,1.26,1.16,1.47,1.3,1.64,0.3,1540.748,5
2016-09-01,3.41,1.471,4.31,2.68,3735900,703.5688,0.240399586,241.428,248.731,183.948,1470.25,142.482,11354.1509,95.26,232.698,1.1218,0.4,0.12,0.59,1.63,0.77,2.02,2.35,0.29,1.18,95,99.4541,-0.3016,0.7341,62.8,9.7,3296.4,13016.2,1.12E+13,7.01E+12,46.57,45.18,2.4,3.5,33359.49405,1.06E+13,145150,260.7,,186.9,97.32,0.2160743,0.14,0.86,1.34,1.23,1.51,1.35,1.67,0.29,1463.25,4.8
2016-10-01,3.51,1.39,4.38,2.62,3572100,704.3238,0.124674851,241.729,249.218,184.023,1475.811,139.914,11359.8158,96.78,241.63064,1.1014,0.4,0.1,0.66,1.76,0.84,2.17,2.5,0.33,1.27,114.5,98.8479,-0.309,0.7703,62.8,9.9,3327.7,13079.4,1.13E+13,7.06E+12,49.52,49.78,2.4,3.5,-44192.20098,1.06E+13,146032,263.3,,186.7,97.11,0.28979681,0.14,0.92,1.43,1.36,1.66,1.53,1.79,0.33,1398.361,4.7
2016-11-01,3.86,1.321,4.71,2.57,3629800,711.2737,-0.155546087,241.353,249.227,184.235,1488.54,137.789,11448.2105,96.61,392.83106,1.0792,0.41,0.32,0.74,2.14,0.98,2.54,2.86,0.45,1.6,87.8,97.749,-0.3127,1.2307,62.6,10,3328.5,13191.8,1.13E+13,7.14E+12,44.73,45.66,2.4,3.5,-136650.5749,1.07E+13,146465,262.2,,186.3,96.34,0.34660933,0.24,1.16,1.69,1.73,1.82,1.67,1.97,0.45,1400.755,4.4
2016-12-01,4.06,1.383,4.83,2.34,3531600,736.9323,0.032732139,241.432,249.134,184.407,1499.355,137.475,11554.8385,98.35,288.42847,1.0545,0.54,0.56,0.87,2.49,1.2,2.84,3.11,0.51,1.96,86.5,98.7885,-0.3158,1.2851,62.4,9.7,3384,13299.9,1.14E+13,7.16E+12,53.31,51.97,2.2,3.64,-27515.79856,1.07E+13,146252,258.1,,188.2,95.68,0.70045658,0.06,1.29,1.98,1.95,1.93,1.81,2.05,0.51,1719.627,4.5
2017-01-01,3.92,1.599,4.66,2.23,3595500,730.0975,0.582772789,242.839,250.083,184.659,1504.579,137.397,11540.5694,100.84,320.02379,1.0635,0.65,0.42,0.83,2.43,1.21,2.75,3.02,0.52,1.92,82.3,98.7005,-0.3255,1.3088,62.5,10.1,3388.6,13281.6,1.14E+13,7.21E+12,54.58,52.5,2.6,3.75,51257.17764,1.07E+13,143376,260.1,,190.7,94.83,0.72565107,0.22,1.22,1.91,1.78,2.01,1.89,2.13,0.51,1165.212,5.1
2017-02-01,3.95,1.464,4.64,2.22,3746400,715.5276,0.314611739,243.603,251.143,185.026,1504.655,137.899,11564.6789,100.65,237.06756,1.065,0.66,0.4,0.82,2.42,1.2,2.76,3.03,0.53,1.9,87.8,98.2271,-0.3286,1.4378,62.7,10,3358,13305.6,1.15E+13,7.26E+12,54.87,53.47,2.7,3.75,-192044.4653,1.08E+13,144405,265.1,,191.6,94.2,0.77438158,0.08,1.22,1.89,1.76,2.02,1.89,2.15,0.52,1353.163,4.9
2017-03-01,4.01,1.404,4.68,2.2,3856300,702.3955,0.081279787,243.801,251.29,186.535,1527.119,139.372,11681.5642,99.88,267.06935,1.0691,0.79,0.49,1.01,2.48,1.31,2.83,3.08,0.75,2.01,97.1,99.2917,-0.3293,1.4543,62.9,9.8,3477.3,13491.7,1.16E+13,7.34E+12,51.59,49.33,2.5,3.88,-176232.3253,1.09E+13,145062,269.2,,191.5,95.3,0.91650302,0.04,1.17,1.73,1.69,1.99,1.83,2.15,0.74,1583.986,4.6
2017-04-01,3.87,1.409,4.57,2.27,3821700,707.7497,0.296553337,244.524,251.642,188.55,1539.472,140.654,11693.9234,100.14,249.2189,1.0714,0.9,0.39,1.04,2.3,1.24,2.67,2.94,0.81,1.82,105.2,97.6572,-0.3304,1.2598,62.8,9.4,3489.1,13565,1.16E+13,7.39E+12,52.31,51.06,2.5,4,182428.0576,,146086,273.8,,193,95.25,0.76575378,0.02,1.06,1.49,1.4,1.91,1.74,2.08,0.8,1450.982,4.1
2017-05-01,3.85,1.414,4.55,2.25,3774400,711.262,0.085472183,244.733,251.835,190.548,1548.163,140.875,11678.2345,98.95,197.58968,1.105,0.91,0.47,1.12,2.3,1.3,2.7,2.96,0.9,1.84,106,98.8767,-0.3295,1.1732,62.8,9.1,3517.1,13474.1,1.16E+13,7.42E+12,50.33,48.48,2.6,4,-88425.99437,,146924,274.1,,192.8,97.05,0.7764088,0.08,1,1.4,1.39,1.83,1.75,1.91,0.89,1545.127,4.1
2017-06-01,3.68,1.332,4.37,2.18,3762800,720.3125,0.090711101,244.955,252.014,192.276,1555.21,140.015,11686.1829,98.05,274.39018,1.1233,1.04,0.46,1.2,2.19,1.34,2.54,2.8,1,1.77,116.3,101.8374,-0.33,1.0706,63.3,8.7,3527.7,13522.1,1.16E+13,7.48E+12,46.37,45.18,2.6,4.13,-90233.19107,,147566,272.9,,193.6,97.96,0.73611135,0.14,0.85,1.19,1.15,1.73,1.63,1.83,0.98,1503.708,4.5
2017-07-01,3.7,1.333,4.39,2.07,3795400,724.6737,-0.068992264,244.786,251.936,193.522,1562.592,139.519,11747.5834,97.39,181.41523,1.153,1.15,0.55,1.22,2.32,1.37,2.65,2.88,1.09,1.87,112.3,100.2118,-0.3304,1.2068,63.5,8.7,3548.2,13584.4,1.17E+13,7.52E+12,48.48,46.63,2.6,4.25,-42939.3776,,146464,270.3,,193.5,99.05,0.72501612,0.18,0.95,1.23,1.17,1.77,1.64,1.9,1.07,1442.074,4.6
2017-08-01,3.63,1.367,4.31,2.1,3910000,729.9562,0.29944523,245.519,252.46,194.357,1565.288,139.35,11799.8191,98.04,149.70865,1.1813,1.16,0.43,1.23,2.21,1.34,2.55,2.8,1.03,1.78,102.6,101.6559,-0.3291,1.0441,63,8.7,3588.6,13653.7,1.17E+13,7.58E+12,51.7,48.04,2.6,4.25,-107688.7768,,146782,269.9,,193.8,100.57,0.67086016,0.24,0.87,1.18,1.05,1.78,1.62,1.94,1.01,1513.174,4.5
2017-09-01,3.63,1.422,4.3,2.1,3874500,736.8853,0.529490589,246.819,252.941,194.826,1578.295,137.141,11846.2031,99.02,205.76641,1.1913,1.15,0.37,1.28,2.2,1.38,2.53,2.78,1.05,1.8,104.4,100.2345,-0.3294,1.1149,63,8.7,3542.2,13705.5,1.18E+13,7.63E+12,56.15,49.82,2.7,4.25,8000.082935,,147169,272.6,,194.8,100.66,0.56521264,0.06,0.82,1.15,1.05,1.83,1.68,1.98,1.03,1554.253,4.1
2017-10-01,3.6,1.54,4.32,1.96,3829900,747.1546,-0.06320421,246.663,253.638,195.092,1583.264,135.867,11919.3339,99.67,227.23362,1.1755,1.15,0.5,1.4,2.36,1.55,2.65,2.88,1.09,1.98,109.6,100.9318,-0.3295,1.1489,62.7,8.9,3601.6,13750.7,1.18E+13,7.67E+12,57.51,51.58,2.4,4.25,-63214.01797,,148182,277.2,,194.9,100.25,0.72914351,0.02,0.81,1.27,1.21,1.86,1.73,1.99,1.07,1386.79,3.9
2017-11-01,3.57,1.506,4.27,1.92,3907700,764.9763,0.002432469,246.669,253.492,195.457,1592.131,134.901,11969.7896,101.15,229.71336,1.1743,1.16,0.5,1.56,2.35,1.7,2.6,2.8,1.25,2.05,97.9,100.7562,-0.329,0.9467,62.7,8.8,3603.3,13819.9,1.18E+13,7.71E+12,62.71,56.64,2.5,4.25,-138547.4378,,148758,278.8,,195.9,99.95,0.75219045,0.02,0.65,1.1,1.19,1.85,1.75,1.95,1.23,1425.669,3.9
2017-12-01,3.51,1.815,4.22,1.82,3851000,790.9568,-0.058783228,246.524,253.558,195.852,1604.544,136.118,12050.9544,101.25,173.39307,1.1836,1.3,0.5,1.7,2.4,1.84,2.6,2.77,1.34,2.18,81.4,101.6191,-0.3279,0.8786,62.4,8.7,3652.7,13945,1.19E+13,7.75E+12,64.37,57.88,2.7,4.4,-23193.55949,,148509,280.3,,196.3,100.37,0.57304923,0.1,0.56,1.06,1.1,1.9,1.76,2.04,1.32,1640.989,3.9
2018-01-01,3.55,1.769,4.26,1.68,3824800,784.6533,0.544774545,247.867,254.638,196.12,1611.341,136.555,11998.6308,103.09,196.43604,1.2197,1.41,0.54,1.8,2.58,2.03,2.73,2.88,1.43,2.38,91.6,101.5606,-0.3285,1.0321,62.3,9.1,3651.9,13863.1,1.19E+13,7.80E+12,69.08,63.7,2.7,4.5,49235.72071,,145412,275.1,,197.9,99.87,0.87378801,0.2,0.55,1.15,1.17,2.04,1.93,2.15,1.41,1182.612,4.5
2018-02-01,3.82,1.755,4.51,1.65,3855100,768.4088,0.453468997,248.991,255.783,196.909,1616.281,137.768,11969.6492,102.82,135.16371,1.234,1.42,0.76,1.96,2.86,2.18,3.02,3.13,1.59,2.6,89.7,101.7404,-0.3285,1.2695,62.9,9,3566.1,13849.1,1.19E+13,7.83E+12,65.32,62.23,2.7,4.5,-215248.1724,,146649,278,,199.3,99.89,1.08846929,0.06,0.68,1.27,1.44,2.1,1.97,2.23,1.57,1329.071,4.4
2018-03-01,3.87,1.831,4.64,1.8,3800600,755.7865,0.22611259,249.554,256.61,198.578,1633.038,139.892,12057.5425,101.94,175.57617,1.2334,1.51,0.75,2.06,2.84,2.28,2.97,3.09,1.73,2.63,107.2,102.4751,-0.3279,1.1688,62.8,8.8,3688.4,14031,1.19E+13,7.85E+12,66.02,62.73,2.8,4.58,-208743.2498,,147352,282.7,,199.3,101.36,1.02953583,0.02,0.56,1.11,1.33,2.09,2.02,2.16,1.7,1688.494,4.1
2018-04-01,3.85,2.081,4.67,1.8,3727100,773.3067,0.397509156,250.546,257.025,200.621,1639.951,139.368,12106.5948,102.73,150.18455,1.227,1.69,0.74,2.15,2.87,2.38,2.96,3.07,1.79,2.7,117.5,101.8564,-0.3285,1.1261,62.7,8.5,3698.1,14069.5,1.20E+13,7.90E+12,72.11,66.25,2.7,4.75,214255.1137,,148329,280.7,,200.3,101.54,1.01435433,0.02,0.49,1.08,1.18,2.13,2.05,2.21,1.76,1392.164,3.7
2018-05-01,4,1.987,4.83,1.85,3674800,778.842,0.415891693,251.588,257.469,202.46,1650.879,138.506,12068.6607,105.04,224.51606,1.1823,1.7,0.84,2.27,2.98,2.51,3.05,3.13,1.9,2.82,123.7,101.2677,-0.3252,1.2344,62.8,8.2,3655.7,13980.4,1.20E+13,7.98E+12,76.98,69.98,2.8,4.75,-146796.4434,,149264,285.1,,203.2,100.8,1.2160918,0.18,0.47,1.08,1.28,2.14,2.1,2.18,1.86,1627.509,3.6
2018-06-01,3.96,1.628,4.83,1.92,3650500,788.3839,0.15938757,251.989,257.697,204.053,1661.272,139.09,12133.3891,105.96,233.21189,1.1679,1.82,0.79,2.33,2.91,2.53,2.98,3.05,1.94,2.78,112,104.5796,-0.322,1.2885,63.4,8,3656.6,14074.7,1.21E+13,8.03E+12,74.41,67.87,3,4.89,-74857.99046,,149930,288,,204.2,100.71,1.24572814,0,0.38,0.97,1.09,2.12,2.07,2.17,1.9,1587.643,4.2
2018-07-01,3.87,1.725,4.79,1.9,3618300,788.8225,0.006746326,252.006,257.867,204.962,1669.057,140.687,12178.4641,106.68,208.2721,1.1685,1.91,0.77,2.39,2.89,2.61,2.94,3.01,1.99,2.78,111.9,103.3622,-0.3207,1.1986,63.5,7.8,3680.7,14109.6,1.21E+13,8.05E+12,74.25,70.98,2.9,5,-76865.22967,,148767,289,,204.3,101.57,1.15523371,0.02,0.28,0.9,0.98,2.12,2.04,2.2,1.96,1404.041,4.1
2018-08-01,3.88,1.622,4.77,1.88,3584500,795.6105,0.055554233,252.146,258.012,205.34,1671.608,141.095,12209.2723,107.16,166.83116,1.1547,1.91,0.79,2.45,2.89,2.64,2.97,3.04,2.07,2.77,113.8,106.0834,-0.319,1.3656,62.7,7.7,3690.9,14164.9,1.22E+13,8.09E+12,72.53,68.06,3,5,-214147.5255,,149236,292.6,,203.4,101.85,1.25524162,0.06,0.25,0.82,0.98,2.1,1.98,2.22,2.03,1528.37,3.9
2018-09-01,3.98,1.651,4.88,1.88,3559800,799.1782,0.116202518,252.439,258.429,205.386,1685.515,135.13,12235.2891,108.5,204.80449,1.1667,1.95,0.88,2.56,3,2.77,3.08,3.15,2.17,2.89,109.7,104.5708,-0.3188,1.32,62.7,7.8,3675.7,14199.5,1.22E+13,8.16E+12,78.89,70.23,2.7,5.03,119116.0089,,149545,290.4,,203.6,102.91,1.1321469,0.16,0.23,0.83,1.05,2.12,2,2.24,2.13,1475.854,3.6
2018-10-01,4.14,1.66,5.07,1.92,3520900,800.0986,0.176676346,252.885,259.063,205.381,1690.132,136.45,12276.3313,110.41,246.06097,1.1488,2.19,1.04,2.65,3.15,2.86,3.27,3.34,2.29,3,105.7,103.4912,-0.3177,1.5554,62.9,8.1,3722.2,14201.4,1.23E+13,8.19E+12,81.03,70.75,2.9,5.25,-100491.1425,,150553,291.4,,204.6,101.8,1.30012681,0.36,0.29,0.86,0.96,2.11,1.99,2.23,2.25,1406.915,3.5
2018-11-01,4.22,1.596,5.22,2.1,3476300,811.2192,-0.334934852,252.038,259.105,205.118,1701.602,138.01,12313.8016,110.39,231.17001,1.1364,2.2,1.11,2.7,3.12,2.86,3.27,3.36,2.37,2.95,91.2,103.2113,-0.3164,1.4058,62.9,8,3680,14255.1,1.23E+13,8.24E+12,64.75,56.96,2.8,5.25,-204902.5574,,151032,286.8,,202.3,100.51,1.30865835,0.2,0.26,0.75,0.92,2.01,1.85,2.17,2.33,1423.054,3.5
2018-12-01,4.02,1.595,5.13,2.3,3400700,834.9847,-0.319396282,251.233,259.083,204.709,1706.892,138.069,12493.4117,106.79,275.70745,1.138,2.27,1.02,2.66,2.83,2.68,2.98,3.1,2.41,2.68,76,103.6027,-0.3119,1.2121,62.8,7.8,3800.7,14448.8,1.24E+13,8.28E+12,57.36,49.52,2.7,5.35,-13539.35863,,150831,282.2,,201,100.58,1.25496666,0.22,0.15,0.42,0.56,1.81,1.6,2.02,2.37,1667.077,3.7
2019-01-01,3.93,1.554,5.12,2.41,3346900,825.2289,0.190659667,251.712,260.122,204.215,1709.726,138.8,12477.1401,105.84,247.67711,1.1418,2.4,0.92,2.58,2.71,2.54,2.89,3.04,2.42,2.54,87,103.1493,-0.308,1.2022,62.8,8.3,3748.5,14423.8,1.24E+13,8.30E+12,59.41,51.38,2.7,5.5,8682.866611,,147878,276.5,,199.1,98.93,1.04043434,0.8,0.17,0.29,0.31,1.79,1.63,1.96,2.37,1172.004,4.4
2019-02-01,3.79,1.557,4.95,2.27,3353500,812.4049,0.422705314,252.776,261.114,204.443,1707.784,139.301,12490.7953,106.49,230.15161,1.1349,2.4,0.8,2.55,2.68,2.5,2.87,3.02,2.44,2.49,80,102.7354,-0.3084,1.1199,63,8.2,3705.1,14401.9,1.24E+13,8.36E+12,63.96,54.95,2.6,5.5,-233977.2488,,148683,275.8,,199.2,98.06,1.06818285,0.86,0.18,0.24,0.28,1.88,1.76,2,2.39,1288.921,4.1
2019-03-01,3.77,1.544,4.84,2.27,3381500,798.8901,0.564135836,254.202,261.836,205.79,1719.262,140.513,12624.3314,107.39,229.38424,1.1296,2.41,0.66,2.49,2.57,2.41,2.8,2.98,2.45,2.37,98.2,103.0488,-0.3092,0.9908,63,8,3757.3,14572.5,1.25E+13,8.45E+12,66.14,58.15,2.5,5.5,-146944.7657,,149360,273.9,,200.8,98.53,0.51720765,0.58,0.16,0.12,0.17,1.91,1.82,2.01,2.4,1643.423,3.9
2019-04-01,3.69,1.463,4.7,2.17,3286700,804.9845,0.529500161,255.548,262.332,207.702,1726.409,140.458,12655.0671,108.14,214.20435,1.1234,2.42,0.6,2.42,2.53,2.34,2.76,2.94,2.43,2.33,116.6,100.631,-0.3105,0.951,62.7,7.7,3823.8,14623,1.26E+13,8.50E+12,71.23,63.86,2.5,5.5,160304.5089,,150422,273.9,,202.1,98.74,0.42030375,0.62,0.19,0.1,0.11,1.94,1.84,2.03,2.38,1373.379,3.3
2019-05-01,3.67,1.362,4.63,2.23,3244500,811.1515,0.212875859,256.092,262.59,209.365,1732.227,138.888,12638.1338,109.08,196.30671,1.1187,2.39,0.57,2.34,2.4,2.21,2.63,2.82,2.4,2.19,118.1,101.1883,-0.3119,0.8711,62.8,7.5,3791.3,14575,1.27E+13,8.56E+12,71.32,60.83,2.9,5.5,-207768.3913,,151093,275.7,,201.7,99.29,0.5404288,0.36,0.19,0,0.01,1.83,1.71,1.94,2.35,1628.757,3.4
2019-06-01,3.42,1.203,4.46,2.39,3274800,819.8143,0.019914718,256.143,263.177,210.603,1737.761,140.823,12735.8068,107.77,205.54046,1.1295,2.38,0.37,2,2.07,1.81,2.36,2.57,2.22,1.83,115.1,103.927,-0.3289,0.574,63.4,7.2,3831.3,14734.8,1.27E+13,8.61E+12,64.22,54.66,2.7,5.5,-8476.318454,,151714,273.2,,200.3,99.82,0.42130162,0.16,0.26,-0.15,-0.31,1.7,1.55,1.85,2.17,1555.493,3.8
2019-07-01,3.29,1.243,4.28,2.22,3260300,821.6697,0.167094162,256.571,263.566,211.356,1746.898,142.756,12760.3418,107.17,229.73694,1.1211,2.4,0.31,1.96,2.06,1.84,2.36,2.57,2.15,1.83,114.2,101.9945,-0.3649,0.3569,63.6,7.3,3863.5,14814.4,1.28E+13,8.68E+12,63.92,57.35,2.6,5.5,-119695.8062,,150658,272.7,,200.7,98.42,0.44057188,0.34,0.22,-0.08,-0.34,1.75,1.58,1.93,2.1,1444.447,4
2019-08-01,2.98,1.219,3.87,2.24,3271400,829.5928,-0.005066824,256.558,264.169,211.715,1749.115,144.026,12815.5714,106.53,277.04245,1.1129,2.13,0.04,1.77,1.63,1.57,1.91,2.12,1.99,1.49,121,104.8749,-0.4077,0.0992,63.2,7.3,3850.7,14896.1,1.29E+13,8.77E+12,59.04,54.81,2.7,5.25,-200344.3489,,151094,273.1,,199.2,99.15,0.42005179,0.16,0.06,-0.36,-0.49,1.59,1.38,1.79,1.95,1685.949,3.8
2019-09-01,3.03,1.383,3.91,2.21,3202700,831.0119,0.078344858,256.759,264.522,211.892,1762.662,138.653,12898.3652,106.52,245.14056,1.1011,2.04,0.11,1.8,1.7,1.65,1.97,2.16,1.93,1.57,113.2,102.9937,-0.4176,0.0478,63.1,7.4,3878,14986.8,1.29E+13,8.81E+12,62.83,56.95,2.8,5.15,82767.65846,,151510,273.3,,198.4,98.4,0.23500552,0.88,0.05,-0.23,-0.35,1.59,1.39,1.78,1.89,1316.202,3.3
2019-10-01,3.01,1.282,3.92,2.21,3252800,835.4508,0.228619055,257.346,265.059,211.984,1769.485,138.407,13012.8572,106.94,250.56589,1.1058,1.83,0.15,1.61,1.71,1.55,2,2.19,1.68,1.53,114.8,101.3649,-0.4129,0.1325,63.3,7.4,3924.9,15112.2,1.30E+13,8.88E+12,59.71,53.96,2.5,4.99,-134467.5649,,152500,273.8,,198.6,98.16,0.36832453,1.62,0.16,0.03,-0.12,1.56,1.4,1.72,1.65,1381.028,3.3
2019-11-01,3.06,1.405,3.94,2.13,3315600,845.4099,-0.053624303,257.208,265.108,212.121,1785.601,137.407,13170.0308,106.91,222.59568,1.1051,1.55,0.17,1.57,1.81,1.61,2.13,2.28,1.57,1.64,103.4,101.5253,-0.4013,0.3016,63.2,7.5,3926.1,15259.4,1.30E+13,8.93E+12,63.21,57.03,2.5,4.75,-208838.2945,,153095,271.2,,199,97.16,0.43361185,0.52,0.2,0.24,0.26,1.64,1.55,1.73,1.54,1439.322,3.3
2019-12-01,3.01,1.535,3.88,2.02,3426500,873.0677,-0.090976953,256.974,264.935,212.251,1794.26,137.125,13298.944,107.02,235.98632,1.1114,1.55,0.14,1.55,1.86,1.61,2.16,2.3,1.57,1.68,108.3,101.7191,-0.3947,0.3662,63,7.4,4043.3,15412.5,1.30E+13,8.94E+12,67.31,59.88,2.3,4.75,-13272.55732,,152845,266.1,,199,97.33,0.51426493,0.56,0.25,0.29,0.31,1.72,1.62,1.81,1.54,1559.229,3.4
2020-01-01,2.94,1.461,3.77,2.01,3442600,863.4407,0.387976994,257.971,266.004,212.413,1798.984,136.064,13294.5064,107.87,199.22176,1.1098,1.55,0.04,1.53,1.76,1.52,2.07,2.22,1.55,1.56,113.1,101.2427,-0.3911,0.3162,63,7.8,3983.5,15397.1,1.30E+13,8.97E+12,63.65,57.52,2.5,4.75,-32593.28001,,150056,265.7,,199.3,95.51,0.50509631,0.28,0.24,0.21,0.21,1.72,1.65,1.79,1.52,1168.457,4
2020-02-01,2.78,1.449,3.61,2.11,3454500,849.967,0.274061813,258.678,267.268,213.235,1795.984,137.452,13340.6766,106.12,204.83529,1.0911,1.58,-0.11,1.41,1.5,1.33,1.81,1.97,1.54,1.32,111.6,102.0027,-0.4088,0.1333,63.3,7.7,3941.4,15382.3,1.31E+13,9.05E+12,55.66,50.54,2.4,4.75,-235335.2139,,150967,269.6,,196.7,94.75,0.31598579,0.08,0.17,-0.04,-0.08,1.62,1.58,1.65,1.52,1383.714,3.8
2020-03-01,3.02,1.525,4.29,3.42,3883100,833.4097,-0.217645103,258.115,267.312,215.213,1826.076,140.689,13893.6324,102.6,361.36888,1.1046,0.65,-0.12,0.33,0.87,0.45,1.26,1.46,0.3,0.59,104.5,97.956,-0.4166,0.3682,62.6,7.3,4285.7,16051.5,1.35E+13,9.33E+12,32.01,29.21,2.2,3.78,-119125.1647,,149952,268.6,,193.1,99.04,-0.12783745,100,0.42,0.57,0.24,0.99,0.67,1.3,0.29,1023.317,4.5
2020-04-01,2.43,2.019,4.13,3.47,4844900,786.1978,-0.668694187,256.389,266.089,217.26,1887.38,139.411,14718.27,97.69,297.89851,1.0871,0.05,-0.45,0.18,0.66,0.22,1.06,1.27,0.14,0.39,84.9,82.6389,-0.254,0.5538,60,7.3,4847.1,17097.7,1.36E+13,9.50E+12,18.38,16.55,2.1,3.25,-737850.6211,,130253,255.8,,185.5,99.58,-0.11159442,100,0.44,0.52,0.61,1.1,0.76,1.45,0.14,743.276,14.4
2020-05-01,2.5,1.64,3.95,3.28,5149400,761.3797,0.001950162,256.394,265.799,218.509,1929.729,138.383,15228.0902,96.05,282.24844,1.0907,0.05,-0.44,0.16,0.67,0.17,1.12,1.38,0.13,0.34,95.1,84.9419,-0.272,0.4784,60.7,7.4,16166.3,17762.5,1.38E+13,9.64E+12,29.38,28.56,3.2,3.25,-398821.4137,,133422,249,,188.6,99.62,-0.02785652,0.12,0.5,0.54,0.62,1.12,0.77,1.47,0.13,1142.705,13
2020-06-01,2.44,1.554,3.64,2.91,5001800,759.0285,0.547204693,257.797,266.302,219.835,1955.37,136.915,15458.9395,97.72,247.64984,1.1259,0.08,-0.54,0.18,0.73,0.19,1.27,1.49,0.16,0.34,118.8,92.9286,-0.376,0.3505,61.8,7.8,16539.9,18099.1,1.39E+13,9.73E+12,40.27,38.31,3,3.25,-864074.0685,,138507,251.1,,191.2,100.87,-0.15369936,0.02,0.55,0.57,0.65,1.27,1.01,1.53,0.16,1131.39,11.2
2020-07-01,2.14,1.401,3.31,2.69,4700300,756.7224,0.50582435,259.101,267.703,221.59,1978.268,141.493,15487.4243,98.18,248.82286,1.1488,0.09,-0.83,0.15,0.62,0.15,1.09,1.31,0.13,0.28,138.7,95.0465,-0.4441,0.2207,62,8.4,16741.8,18248.1,1.40E+13,9.79E+12,43.24,40.71,3,3.25,-62991.72639,,139105,254.5,,193,101.08,-0.3453445,0.04,0.47,0.49,0.53,1.46,1.31,1.6,0.13,1268.455,10.5
2020-08-01,2.25,1.328,3.27,2.62,4807400,753.7507,0.315321052,259.918,268.756,224.07,2004.524,149.765,15515.5015,98.2,213.09036,1.1831,0.1,-1.01,0.13,0.65,0.14,1.14,1.36,0.1,0.27,122.5,98.1249,-0.4797,0.1605,61.8,8.6,16865.1,18315.1,1.40E+13,9.86E+12,44.74,42.34,3.1,3.25,-200095.0151,,140727,261.2,,194.3,102.23,-0.407134,0,0.51,0.55,0.56,1.66,1.55,1.77,0.1,1354.397,8.5
2020-09-01,2.31,1.353,3.36,2.68,4880300,751.8759,0.139274694,260.28,269.054,226.825,2026.246,152.887,15644.2685,97.76,278.59221,1.1785,0.09,-0.98,0.13,0.68,0.13,1.21,1.42,0.11,0.27,126.3,95.648,-0.4914,0.123,61.4,8.6,17132.5,18538.7,1.42E+13,9.96E+12,40.91,39.63,2.6,3.25,-124610.5584,,141957,262.3,,195.5,102.12,-0.34333693,0.02,0.55,0.57,0.59,1.66,1.53,1.78,0.11,1379.676,7.7
2020-10-01,2.35,1.408,3.44,2.65,4917100,749.5371,0.041493776,260.388,269.328,229.841,2040.201,154.381,15739.5833,98.12,311.5825,1.1768,0.09,-0.92,0.13,0.79,0.15,1.34,1.57,0.1,0.34,131.2,96.3924,-0.5091,0.0005,61.7,8.3,17317.2,18684.8,1.42E+13,1.00E+13,40.19,39.4,2.6,3.25,-284070.5372,,143564,272.2,,196.5,102.06,-0.29173845,0.04,0.64,0.69,0.7,1.7,1.56,1.85,0.1,1399.305,6.6
2020-11-01,2.3,1.45,3.3,2.43,5093000,755.2303,-0.061062722,260.229,269.473,232.351,2055.633,152.324,15965.793,97.99,328.15252,1.1826,0.09,-0.84,0.12,0.87,0.17,1.4,1.62,0.09,0.39,117.8,96.1758,-0.5209,-0.0553,61.5,8,17637.2,18975.4,1.43E+13,1.01E+13,42.69,40.94,2.8,3.25,-145266.2635,,144116,273.6,,198.3,101.02,-0.21395564,0.28,0.7,0.78,0.78,1.71,1.63,1.8,0.09,1235.258,6.4
2020-12-01,2.26,1.481,3.16,2.23,5206500,776.1685,0.094147847,260.474,269.226,234.405,2070.526,150.891,16186.4185,99.6,208.95865,1.2168,0.09,-0.98,0.1,0.93,0.14,1.47,1.67,0.09,0.39,115.1,97.7203,-0.5381,-0.0915,61.3,8.1,17943.9,19242.4,1.44E+13,1.02E+13,49.99,47.02,2.5,3.25,-143562.3274,,143604,279.1,,200.5,102.12,-0.23232146,0.1,0.79,0.84,0.84,1.92,1.87,1.97,0.09,1651.406,6.5
2021-01-01,2.45,1.466,3.24,2.16,5248000,758.9059,0.425378349,261.582,269.755,236.482,2093.534,149.659,16200.8916,103.38,231.37864,1.2178,0.09,-1,0.1,1.08,0.13,1.63,1.82,0.08,0.45,115.2,98.8862,-0.5472,-0.0636,61,8.6,18080.5,19367.2,1.46E+13,1.04E+13,54.77,52,3,3.25,-162832.4895,,140974,287.5,,204.8,101.31,-0.23501721,0,0.95,1,0.99,2.08,2.1,2.06,0.08,1141.709,6.8
2021-02-01,2.7,1.597,3.42,2.16,5446800,743.7692,0.547438279,263.014,270.696,239.265,2100.216,150.221,16361.116,104.36,185.27867,1.2094,0.08,-0.92,0.07,1.26,0.12,1.88,2.04,0.04,0.54,102.1,95.8529,-0.5411,0.0643,61.3,8.6,18257.9,19518.3,1.46E+13,1.04E+13,62.28,59.04,3.3,3.25,-310921.9425,,142129,300.4,,210.6,100.24,-0.2308238,0,1.14,1.22,1.18,2.18,2.31,2.05,0.04,1226.714,6.6
2021-03-01,3.04,1.625,3.74,2.13,5839000,728.7392,0.708327313,264.877,271.713,244.266,2115.282,153.873,16725.5685,107.05,217.46619,1.1902,0.07,-0.66,0.08,1.61,0.15,2.24,2.34,0.03,0.82,140.6,98.5571,-0.5391,0.1479,61.5,8.4,18716.3,19941.2,1.47E+13,1.05E+13,65.41,62.33,3.1,3.25,-659591.6184,,143308,326.7,,215,100.9,0.01250687,0,1.46,1.58,1.54,2.28,2.5,2.05,0.03,1642.749,6.2
2021-04-01,2.9,1.62,3.6,1.97,6042100,726.955,0.821890915,267.054,273.968,249.86,2154.819,168.647,16917.649,107.81,179.65824,1.1965,0.07,-0.71,0.06,1.64,0.16,2.2,2.3,0.02,0.86,135.5,96.9621,-0.5382,0.2051,61.4,8.2,19078.8,20263.1,1.48E+13,1.06E+13,64.81,61.72,3.4,3.25,-225579.4603,,144402,342.8,,217.9,101.59,0.11804694,0.32,1.47,1.61,1.56,2.35,2.53,2.17,0.02,1557.152,5.7
2021-05-01,2.96,1.625,3.62,2,6041900,738.753,0.801710515,269.195,275.893,255.485,2167.934,179.532,16997.3586,108.64,141.38606,1.2146,0.06,-0.85,0.05,1.62,0.16,2.22,2.32,0.02,0.82,145.7,98.1093,-0.5401,0.377,61.5,7.9,19160.2,20309.8,1.49E+13,1.07E+13,68.53,65.17,4.6,3.25,-131953.0632,,145392,350.3,,224.9,101.88,0.03694758,0.18,1.47,1.6,1.56,2.47,2.65,2.29,0.02,1608.628,5.5
2021-06-01,2.79,1.642,3.44,1.92,6027000,753.4654,0.92906629,271.696,278.218,261.207,2178.843,198.855,17064.2221,110.02,152.61494,1.2048,0.08,-0.82,0.07,1.52,0.2,2.09,2.16,0.04,0.84,154.3,100.7506,-0.5429,0.3039,62.1,7.6,19301,20431.1,1.50E+13,1.08E+13,73.16,71.38,4.2,3.25,-174160.5503,,146626,362.9,,228.9,101.18,-0.00566485,0.06,1.32,1.48,1.44,2.34,2.46,2.22,0.04,1342.999,6.1
2021-07-01,2.57,1.642,3.24,1.92,6130200,761.4086,0.481052353,273.003,279.146,265.543,2186.118,200.425,17170.9012,112.26,197.37942,1.1821,0.1,-1.01,0.08,1.32,0.22,1.87,1.94,0.05,0.76,143.9,100.0585,-0.5448,0.164,62.3,7.5,19443.4,20555.6,1.51E+13,1.09E+13,75.17,72.49,4.7,3.25,-302050.4883,,146619,371.402,,231.85,100.11,0.03504108,0.02,1.1,1.27,1.22,2.33,2.5,2.16,0.05,1316.697,5.7
2021-08-01,2.55,1.709,3.24,1.96,6328700,770.3269,0.206591136,273.567,279.507,268.82,2187.596,197.535,17370.8444,113.36,187.20578,1.1767,0.09,-1.07,0.07,1.28,0.22,1.83,1.92,0.05,0.77,140,101.8774,-0.5476,0.0598,61.8,7.5,19653.9,20747.9,1.51E+13,1.10E+13,70.75,67.73,4.6,3.25,-170634.6537,,147159,376.96,,233.415,99.77,-0.26101879,0.26,1.06,1.23,1.19,2.35,2.49,2.2,0.05,1128.965,5.3
2021-09-01,2.53,1.835,3.23,1.86,6388800,773.7206,0.271597086,274.31,279.884,271.477,2194.822,190.207,17483.4732,114.92,206.72854,1.1765,0.08,-0.97,0.08,1.37,0.24,1.87,1.94,0.04,0.86,135.2,98.7626,-0.545,0.1967,61.7,7.3,19838.3,20921.6,1.52E+13,1.11E+13,74.49,71.65,4.6,3.25,-61544.25121,,147917,377.061,,235.678,99.88,-0.19473087,0.34,1.13,1.33,1.29,2.34,2.5,2.19,0.04,1052.965,4.6
2021-10-01,2.68,1.821,3.35,1.77,6330900,781.3049,0.830811855,276.589,281.617,273.694,2202.387,195.213,17602.2298,121.37,198.51042,1.16,0.08,-0.95,0.11,1.58,0.39,2.03,2.06,0.05,1.11,133.6,100.115,-0.5498,0.3523,61.8,7.3,20011.5,21088.4,1.53E+13,1.11E+13,83.54,81.48,4.8,3.25,-165055.3669,,149605,379.449,,240.465,99.24,0.08790114,0.04,1.19,1.53,1.5,2.53,2.75,2.33,0.05,1089.348,4.3
2021-11-01,2.62,1.718,3.28,1.72,6394700,799.118,0.49134275,277.948,282.754,276.071,2211.54,200.209,17866.8244,124.93,246.60827,1.1416,0.08,-1.06,0.18,1.56,0.51,1.97,1.94,0.05,1.2,130.8,100.5516,-0.5674,0.3123,61.9,7,20256.6,21323.6,1.54E+13,1.12E+13,81.05,79.15,4.9,3.25,-191335.0405,,150543,375.398,,243.287,98.64,0.16399788,0.02,1.05,1.51,1.48,2.62,2.98,2.25,0.05,1049.604,3.9
2021-12-01,2.65,1.788,3.3,1.84,6413100,831.2004,0.307251716,278.802,283.908,278.654,2223.817,207.164,18097.3412,125.39,298.15951,1.1301,0.08,-0.99,0.3,1.47,0.68,1.9,1.85,0.06,1.23,124.2,100.4566,-0.582,0.2791,61.7,6.9,20577.8,21646.7,1.55E+13,1.13E+13,74.17,71.71,4.8,3.25,-21303.12943,,150740,367.883,,241.338,98.61,0.09168917,0.2,0.78,1.4,1.38,2.46,2.75,2.17,0.06,1250.985,3.7
2022-01-01,2.93,1.929,3.58,1.82,6103900,823.7543,0.841457378,281.148,285.996,282.04,2233.537,210.293,18008.4947,133.13,264.63419,1.1317,0.08,-0.69,0.55,1.76,0.98,2.15,2.1,0.15,1.54,121,101.3314,-0.5601,0.534,61.9,7.2,20541.6,21628.8,1.55E+13,1.13E+13,86.51,83.22,4.9,3.25,118698.8582,,147932,357.296,,246.453,97.58,0.3194951,0.1,0.78,1.61,1.68,2.45,2.8,2.1,0.15,1022.334,4.4
2022-02-01,3.25,2.005,3.97,2.04,6039900,817.5838,0.913397926,283.716,288.059,287.286,2232.023,212.04,18021.7424,137.72,220.46791,1.1349,0.08,-0.52,1,1.93,1.44,2.31,2.25,0.31,1.81,126.1,102.0813,-0.5315,0.9442,62.2,7.1,20521.2,21583.1,1.56E+13,1.14E+13,97.13,91.64,4.9,3.25,-216589.7521,,149606,357.647,,252.66,97.83,0.44159289,0.06,0.49,1.62,1.85,2.46,2.87,2.05,0.33,1077.869,4.1
2022-03-01,3.43,2.046,4.29,2.16,6134400,819.077,1.335137955,287.504,289.305,295.128,2257.565,208.216,18174.9092,154.5,392.01202,1.1019,0.2,-0.72,1.34,2.13,1.91,2.51,2.41,0.45,2.11,142.6,103.0717,-0.4954,1.0542,62.4,6.9,20802.6,21856.3,1.57E+13,1.14E+13,117.25,108.5,5.4,3.37,-192682.3867,,150411,357.628,,260.014,98.62,0.34708992,0.12,0.22,1.68,1.93,2.85,3.41,2.28,0.44,1299.165,3.8
2022-04-01,3.76,2.52,4.66,1.91,5885100,839.4248,0.558253103,289.109,290.846,301.794,2269.748,206.981,18165.7571,148.28,334.669,1.0803,0.33,-0.14,1.89,2.75,2.54,2.99,2.81,0.76,2.78,164.3,100.8575,-0.4479,1.5682,62,6.7,20820.8,21848.6,1.57E+13,1.15E+13,104.58,101.78,5.4,3.5,308215.0605,,151449,370.66,,265.31,96.45,0.94940027,0.3,0.21,1.99,2.42,2.88,3.32,2.45,0.76,1271.888,3.3
2022-05-01,4.13,2.863,5.12,2.22,5591500,854.3726,1.1023524,292.296,292.506,306.574,2272.221,208.373,18007.9286,151.17,328.47521,1.0567,0.77,0.21,2.06,2.9,2.62,3.26,3.07,0.99,2.87,140.6,101.8094,-0.3857,1.8742,62.3,6.5,20543.3,21552.3,1.58E+13,1.15E+13,113.34,109.55,5.3,3.94,-66222.56121,,152291,377.211,,273.251,96.56,1.20389776,0.34,0.28,1.91,2.14,2.69,3.03,2.35,0.98,1145.623,3.4
2022-06-01,4.24,2.707,5.27,2.13,5506500,876.5282,1.373607576,296.311,294.68,308.336,2278.11,212.98,17987.7169,156.25,332.62825,1.0567,1.21,0.53,2.65,3.14,3,3.48,3.25,1.54,3.19,144.9,103.9316,-0.2392,2.4373,62.5,6.4,20541.1,21578.3,1.59E+13,1.16E+13,122.71,114.84,5.3,4.38,-88841.51293,,153217,380.764,,280.251,96.79,1.02509351,0.18,0.14,1.6,1.95,2.62,2.89,2.34,1.49,1184.437,3.8
2022-07-01,4.06,2.936,5.21,2.31,5537100,891.5654,-0.011811914,296.276,295.646,307.137,2279.12,213.683,17976.5388,156.7,403.90579,1.0168,1.68,0.53,3.02,2.9,3.04,3.35,3.1,2.3,2.96,123.7,103.0819,0.0366,2.0925,62.6,6.5,20483.2,21578.4,1.59E+13,1.16E+13,111.93,101.62,5.2,4.85,-211051.7601,,152875,373.717,,272.274,94.75,1.06217493,0.02,-0.14,0.6,1.25,2.36,2.58,2.14,2.23,1164.691,3.8
2022-08-01,4.07,3.116,5.15,2.25,5582200,903.5595,-0.035439928,296.171,297.178,303.65,2275.416,212.895,18002.4679,157.16,327.91541,1.0129,2.33,0.39,3.28,2.9,3.25,3.35,3.13,2.72,3.03,134.5,104.8052,0.3947,2.0582,62.4,6.7,20395,21552.8,1.61E+13,1.17E+13,100.45,93.67,4.8,5.5,-219596.2409,,153285,362.99,,269.546,94.6,0.8556253,0.12,-0.35,0.18,0.57,2.51,2.68,2.33,2.63,1178.066,3.8
2022-09-01,4.59,2.902,5.69,2.17,5410900,913.5369,0.215078451,296.808,298.442,300.447,2279.946,203.867,17885.6249,161.71,396.80379,0.9899,2.56,1.14,3.89,3.52,3.86,3.82,3.56,3.22,3.7,127.5,103.3597,1.0109,2.8138,62.2,6.6,20247,21474.3,1.62E+13,1.17E+13,89.76,84.26,4.7,5.73,-429673.479,,153809,361.292,,267.898,95.45,1.20424868,0.18,-0.34,0.3,0.94,2.38,2.45,2.31,3.13,1166.015,3.3
2022-10-01,5.1,3.419,6.26,2.28,5339600,923.7856,0.405649443,298.012,299.315,298.67,2283.799,199.176,17725.1556,171.75,418.61884,0.9853,3.08,1.59,4.43,3.98,4.38,4.28,4.04,3.87,4.18,121.6,103.096,1.4277,3.185,62.3,6.7,20058.3,21387.7,1.61E+13,1.16E+13,93.33,87.55,5,6.25,-87797.83631,,155041,353.335,,265.061,97.13,1.79733203,0.76,-0.4,0.11,0.9,2.39,2.47,2.32,3.72,1224.679,3.4
2022-11-01,4.9,3.589,6.07,2.18,5418700,937.9956,-0.101002644,297.711,299.6,296.812,2291.416,193.53,17779.6031,168.53,357.08668,1.0192,3.78,1.52,4.73,3.89,4.5,4.22,4,4.32,4.06,111.1,102.4157,1.8252,2.9341,62.1,6.6,19965.1,21400.8,1.61E+13,1.14E+13,91.42,84.37,4.9,6.95,-248534.8807,,155642,337.078,,263.157,98.17,1.93071305,1.28,-0.61,-0.43,0.14,2.37,2.44,2.3,4.15,1176.556,3.4
2022-12-01,4.43,4.25,5.59,1.97,5405400,969.5725,-0.307009146,296.797,300.113,294.283,2297.344,188.864,17943.4169,157.4,279.6471,1.0591,4.1,1.36,4.68,3.62,4.29,3.87,3.66,4.36,3.76,94.7,101.436,2.0635,3.0002,62,6.7,19879.8,21433.1,1.61E+13,1.13E+13,80.92,76.44,4.4,7.27,-85000.73658,,155344,333.108,,257.897,99.07,1.57612515,1.26,-0.67,-0.74,-0.47,2.26,2.32,2.2,4.25,1319.001,3.3
2023-01-01,4.4,4.823,5.5,1.97,5328400,963.7757,0.799536383,299.17,301.962,292.611,2299.897,185.857,17736.2005,158.32,281.77821,1.0777,4.33,1.29,4.69,3.53,4.21,3.81,3.66,4.69,3.64,97.7,102.529,2.3449,3.0442,62.1,7,19590.5,21280.9,1.61E+13,1.13E+13,82.5,78.12,3.9,7.5,-38783.77184,,152839,328.277,,260.183,98.23,1.78309897,0.14,-0.68,-1.16,-0.8,2.24,2.23,2.24,4.54,1083.312,3.9
2023-02-01,4.56,4.211,5.59,1.84,5321000,954.47,0.558211051,300.84,304.011,293.17,2297.461,183.241,17628.2828,156.56,272.39843,1.0702,4.57,1.41,4.93,3.75,4.53,3.95,3.8,4.79,3.94,103.2,102.847,2.6403,3.223,62.4,,19332,21113.2,1.61E+13,1.11E+13,82.59,76.83,4.1,7.74,-262433.8432,,153983,335.513,,258.495,98.49,1.42020217,0.46,-0.78,-1.04,-0.82,2.33,2.45,2.22,4.65,1175.546,3.9
2023-03-01,4.6,3.446,5.71,2.05,5571000,950.4394,0.331072996,301.836,305.476,,2310.338,184.997,17445.2532,153.05,322.93528,1.0711,4.65,1.36,4.68,3.66,4.3,3.94,3.77,4.86,3.82,113.6,103.1626,2.9106,3.2328,62.6,,19103.4,21006.2,1.61E+13,1.10E+13,78.43,73.28,3.6,7.82,-378076.3165,,154445,338.829,,257.171,99.42,2.05963636,0.66,-0.64,-1.2,-0.99,2.3,2.38,2.23,4.69,1412.739,3.6
2023-04-01,4.47,3.27,5.53,2.07,5592600,965.268,,303.363,306.899,,2322.962,193.394,17248.2982,151.8,,1.0962,4.83,1.19,4.68,3.46,4.02,3.8,3.68,5.07,3.54,127.1,101.6527,3.167,3.1929,62.4,,18781.6,20827.1,,,84.64,79.45,4.6,8,176180.7903,,155337,347.962,,257.381,100.96,1.44391386,,-0.56,-1.61,-1.37,2.27,2.31,2.22,4.92,1388.943,3.1
,,,,,,,,,,,,,,,,,,,,,,,,,,,,,,,,,,,,,,,,,,,,,,,1.53985079,,,,,,,,,,
